ts,sym,rule,side,trig,off,tp,sl,entry,exit,status,ret,fee,funding,hold_h,touched,recovered,pnl1x,pnl2x,queue_vol,f1,tbsi
2026-09-01 11:00:32,ARBUSDC,fixed_s,short,0.2000,0.2000,0.5000,0.3000,0.1122,0.1126,stop,-0.300,0.040,-0.00001,0.01,1,1,-0.3400,-0.6800,117022.1000,1,
2026-09-01 11:01:28,ARBUSDC,deep_s,short,0.2000,0.5000,0.6000,0.5000,0.1125,0.1131,stop,-0.500,0.040,-0.00002,0.02,1,0,-0.5400,-1.0800,127025.0333,1,
2026-09-01 11:02:25,ARBUSDC,fixed_s,short,0.2000,0.2000,0.5000,0.3000,0.1130,0.1133,stop,-0.300,0.040,-0.00002,0.02,1,0,-0.3400,-0.6800,70280.5000,1,
2026-09-01 11:03:50,NEARUSDC,fixed_s,short,0.2000,0.2000,0.5000,0.3000,1.9609,1.9511,tp,0.500,0.000,-0.00007,0.06,1,0,0.5001,1.0001,2726.3333,1,
2026-09-01 11:07:41,CRVUSDC,fixed_l,long,0.2000,0.2000,0.5000,0.3000,0.3493,0.3483,stop,-0.300,0.040,0.00003,0.03,1,1,-0.3400,-0.6801,17247.3250,1,
2026-09-01 11:09:56,CRVUSDC,deep_l,long,0.2000,0.5000,0.6000,0.5000,0.3483,0.3503,tp,0.600,0.000,0.00005,0.04,1,1,0.6000,1.1999,70789.1000,1,
2026-09-01 11:09:57,ETHFIUSDC,fixed_s,short,0.2000,0.2000,0.5000,0.3000,0.5708,0.5680,tp,0.500,0.000,-0.00005,0.08,1,1,0.5001,1.0001,6601.5889,1,
2026-09-01 11:10:43,ETHFIUSDC,fixed_l,long,0.2000,0.2000,0.5000,0.3000,0.5684,0.5667,stop,-0.300,0.040,0.00001,0.01,1,1,-0.3400,-0.6800,1333.9556,1,
2026-09-01 11:12:19,NEARUSDC,fixed_l,long,0.2000,0.2000,0.5000,0.3000,1.9511,1.9608,tp,0.500,0.000,0.00018,0.14,1,1,0.4998,0.9996,6556.5000,1,
2026-09-01 11:16:13,ARBUSDC,mom_s,short,0.3000,1.0000,0.8000,0.5000,0.1133,0.1138,stop,-0.500,0.040,-0.00005,0.04,1,1,-0.5400,-1.0799,154118.4636,0,
2026-09-01 11:16:53,ARBUSDC,fixed_s,short,0.2000,0.2000,0.5000,0.3000,0.1137,0.1141,stop,-0.300,0.040,-0.00003,0.02,1,1,-0.3400,-0.6799,176220.1304,1,
2026-09-01 11:16:54,ARBUSDC,deep_s,short,0.2000,0.5000,0.6000,0.5000,0.1138,0.1144,stop,-0.500,0.040,-0.00003,0.02,1,1,-0.5400,-1.0799,170404.2320,1,
2026-09-01 11:18:11,ARBUSDC,fixed_s,short,0.2000,0.2000,0.5000,0.3000,0.1147,0.1150,stop,-0.300,0.040,-0.00000,0.00,1,0,-0.3400,-0.6800,85564.7000,1,
2026-09-01 11:19:32,TRUMPUSDC,fixed_s,short,0.2000,0.2000,0.5000,0.3000,2.4038,2.4110,stop,-0.300,0.040,-0.00008,0.13,1,1,-0.3399,-0.6798,6858.6119,1,
2026-09-01 11:20:17,ARBUSDC,deep_s,short,0.2000,0.5000,0.6000,0.5000,0.1150,0.1143,tp,0.600,0.000,-0.00004,0.03,1,1,0.6000,1.2001,135580.6500,1,
2026-09-01 11:23:25,CRVUSDC,fixed_s,short,0.2000,0.2000,0.5000,0.3000,0.3524,0.3535,stop,-0.300,0.040,-0.00002,0.01,1,1,-0.3400,-0.6800,86481.8457,1,
2026-09-01 11:23:26,CRVUSDC,mom_s,short,0.3000,1.0000,0.8000,0.5000,0.3520,0.3537,stop,-0.500,0.040,-0.00002,0.01,1,1,-0.5400,-1.0800,66300.5958,0,
2026-09-01 11:25:31,UNIUSDC,fixed_s,short,0.2000,0.2000,0.5000,0.3000,5.2605,5.2342,tp,0.500,0.000,-0.00013,0.10,1,1,0.5001,1.0003,13044.1667,1,
2026-09-01 11:25:55,CRVUSDC,deep_s,short,0.2000,0.5000,0.6000,0.5000,0.3535,0.3552,stop,-0.500,0.040,-0.00005,0.04,1,1,-0.5400,-1.0799,111872.3611,1,
2026-09-01 11:27:41,CRVUSDC,fixed_s,short,0.2000,0.2000,0.5000,0.3000,0.3550,0.3532,tp,0.500,0.000,-0.00003,0.03,1,1,0.5000,1.0001,13241.4333,1,
2026-09-01 11:30:58,WLDUSDC,fixed_l,long,0.2000,0.2000,0.5000,0.3000,0.3649,0.3667,tp,0.500,0.000,0.00008,0.07,1,1,0.4999,0.9998,29620.7000,1,
2026-09-01 11:31:39,UNIUSDC,fixed_l,long,0.2000,0.2000,0.5000,0.3000,5.2445,5.2707,tp,0.500,0.000,0.00013,0.10,1,1,0.4999,0.9997,1213.3333,1,
2026-09-01 11:31:39,UNIUSDC,fixed_s,short,0.2000,0.2000,0.5000,0.3000,5.2685,5.2843,stop,-0.300,0.040,-0.00002,0.02,1,1,-0.3400,-0.6800,4966.5000,1,
2026-09-01 11:32:34,LINKUSDC,fixed_s,short,0.2000,0.2000,0.5000,0.3000,11.3737,11.4078,stop,-0.300,0.040,-0.00007,0.06,1,1,-0.3399,-0.6799,5807.7160,1,
2026-09-01 11:32:52,WIFUSDC,fixed_s,short,0.2000,0.2000,0.5000,0.3000,0.1960,0.1966,stop,-0.300,0.040,-0.00020,0.33,1,1,-0.3398,-0.6796,20119.2500,1,
2026-09-01 11:32:54,ORDIUSDC,fixed_s,short,0.2000,0.2000,0.5000,0.3000,3.9349,3.9467,stop,-0.300,0.040,-0.00001,0.01,1,1,-0.3400,-0.6800,1297.4650,1,
2026-09-01 11:32:54,ORDIUSDC,adapt_s,short,0.1890,0.1890,0.6299,0.3937,3.9344,3.9499,stop,-0.394,0.040,-0.00001,0.01,1,1,-0.4337,-0.8674,1297.4650,1,
2026-09-01 11:33:10,ETHFIUSDC,deep_l,long,0.2000,0.5000,0.6000,0.5000,0.5667,0.5701,tp,0.600,0.000,0.00023,0.37,1,1,0.5998,1.1995,7577.0100,1,
2026-09-01 11:33:38,LINKUSDC,adapt_s,short,0.1686,0.1686,0.5621,0.3513,11.3701,11.4101,stop,-0.351,0.040,-0.00011,0.09,1,1,-0.3912,-0.7824,5191.4935,1,
2026-09-01 11:33:55,TRUMPUSDC,fixed_l,long,0.2000,0.2000,0.5000,0.3000,2.4032,2.4152,tp,0.500,0.000,0.00009,0.15,1,1,0.4999,0.9998,2354.0025,1,
2026-09-01 11:34:37,UNIUSDC,deep_s,short,0.2000,0.5000,0.6000,0.5000,5.2762,5.3026,stop,-0.500,0.040,-0.00006,0.05,1,1,-0.5399,-1.0799,25918.6190,1,
2026-09-01 11:34:47,WIFUSDC,adapt_s,short,0.2446,0.2446,0.8153,0.5095,0.1965,0.1975,stop,-0.510,0.040,-0.00002,0.03,1,1,-0.5495,-1.0990,61586.5111,1,
2026-09-01 11:34:47,WIFUSDC,deep_s,short,0.2000,0.5000,0.6000,0.5000,0.1966,0.1976,stop,-0.500,0.040,-0.00002,0.03,1,1,-0.5400,-1.0800,72815.5588,1,
2026-09-01 11:34:50,WLDUSDC,fixed_s,short,0.2000,0.2000,0.5000,0.3000,0.3668,0.3679,stop,-0.300,0.040,-0.00007,0.06,1,1,-0.3399,-0.6799,19315.7600,1,
2026-09-01 11:35:31,BNBUSDC,adapt_s,short,0.0763,0.0763,0.2543,0.1589,692.9982,694.0995,stop,-0.159,0.040,0.00000,0.51,1,1,-0.1989,-0.3978,37.9533,1,
2026-09-01 11:35:32,XRPUSDC,adapt_s,short,0.1477,0.1477,0.4923,0.3077,1.3802,1.3845,stop,-0.308,0.040,-0.00008,0.06,1,1,-0.3476,-0.6952,122467.1667,1,
2026-09-01 11:35:35,ADAUSDC,fixed_s,short,0.2000,0.2000,0.5000,0.3000,0.2006,0.2012,stop,-0.300,0.040,-0.00015,0.24,1,1,-0.3398,-0.6797,772006.3684,1,
2026-09-01 11:35:38,UNIUSDC,fixed_s,short,0.2000,0.2000,0.5000,0.3000,5.2976,5.3135,stop,-0.300,0.040,-0.00004,0.03,1,1,-0.3400,-0.6799,4803.5000,1,
2026-09-01 11:35:38,UNIUSDC,adapt_s,short,0.4486,0.4486,1.4955,0.9347,5.2896,5.3391,stop,-0.935,0.040,-0.00006,0.05,1,1,-0.9746,-1.9492,31681.4706,1,
2026-09-01 11:35:39,NEARUSDC,fixed_l,long,0.2000,0.2000,0.5000,0.3000,1.9471,1.9568,tp,0.500,0.000,0.00027,0.22,1,1,0.4997,0.9995,8933.0000,1,
2026-09-01 11:35:40,NEARUSDC,deep_l,long,0.2000,0.5000,0.6000,0.5000,1.9452,1.9569,tp,0.600,0.000,0.00021,0.17,1,1,0.5998,1.1996,48676.3421,1,
2026-09-01 11:35:43,SUIUSDC,fixed_s,short,0.2000,0.2000,0.5000,0.3000,0.7319,0.7341,stop,-0.300,0.040,-0.00005,0.06,1,1,-0.3399,-0.6799,45859.0000,1,
2026-09-01 11:35:49,HBARUSDC,adapt_l,long,0.1376,0.1376,0.4588,0.2867,0.0739,0.0742,tp,0.459,0.000,0.00004,0.17,1,1,0.4587,0.9175,29553.8333,1,
2026-09-01 11:35:49,HBARUSDC,adapt_s,short,0.1385,0.1385,0.4616,0.2885,0.0740,0.0742,stop,-0.289,0.040,-0.00007,0.27,1,1,-0.3285,-0.6569,184727.9091,1,
2026-09-01 11:35:55,TRUMPUSDC,fixed_s,short,0.2000,0.2000,0.5000,0.3000,2.4148,2.4221,stop,-0.300,0.040,-0.00003,0.05,1,1,-0.3400,-0.6799,9900.2117,1,
2026-09-01 11:35:56,TRUMPUSDC,deep_s,short,0.2000,0.5000,0.6000,0.5000,2.4110,2.4230,stop,-0.500,0.040,-0.00017,0.27,1,1,-0.5398,-1.0797,24904.1036,1,
2026-09-01 11:35:57,ARBUSDC,fixed_l,long,0.2000,0.2000,0.5000,0.3000,0.1119,0.1125,tp,0.500,0.000,0.00004,0.03,1,1,0.5000,0.9999,184497.1135,1,
2026-09-01 11:36:00,BIOUSDC,fixed_s,short,0.2000,0.2000,0.5000,0.3000,0.0265,0.0266,stop,-0.300,0.040,-0.00003,0.05,1,1,-0.3400,-0.6799,158783.2000,1,
2026-09-01 11:36:29,ETHUSDC,adapt_s,short,0.1127,0.1127,0.3758,0.2349,2473.7156,2479.5254,stop,-0.235,0.040,-0.00002,0.02,1,1,-0.2748,-0.5497,55.1345,1,
2026-09-01 11:36:32,DOGEUSDC,adapt_s,short,0.1347,0.1347,0.4492,0.2807,0.0831,0.0833,stop,-0.281,0.040,-0.00008,0.07,1,1,-0.3206,-0.6413,1623553.8750,1,
2026-09-01 11:36:33,XRPUSDC,fixed_s,short,0.2000,0.2000,0.5000,0.3000,1.3846,1.3887,stop,-0.300,0.040,-0.00002,0.02,1,1,-0.3400,-0.6800,155324.7750,1,
2026-09-01 11:36:35,LINKUSDC,fixed_s,short,0.2000,0.2000,0.5000,0.3000,11.4338,11.4681,stop,-0.300,0.040,-0.00002,0.02,1,0,-0.3400,-0.6800,2269.2700,1,
2026-09-01 11:36:35,LINKUSDC,deep_s,short,0.2000,0.5000,0.6000,0.5000,11.4078,11.4648,stop,-0.500,0.040,-0.00008,0.07,1,1,-0.5399,-1.0798,6966.2790,1,
2026-09-01 11:36:37,AVAXUSDC,adapt_s,short,0.1358,0.1358,0.4528,0.2830,7.2709,7.2914,stop,-0.283,0.040,-0.00008,0.07,1,1,-0.3229,-0.6458,7586.2910,1,
2026-09-01 11:36:45,TIAUSDC,fixed_s,short,0.2000,0.2000,0.5000,0.3000,0.3386,0.3396,stop,-0.300,0.040,-0.00012,0.27,1,1,-0.3399,-0.6798,10853.0000,1,
2026-09-01 11:36:47,FILUSDC,adapt_l,long,0.1759,0.1759,0.5864,0.3665,0.6844,0.6884,tp,0.586,0.000,-0.00000,0.18,1,1,0.5864,1.1729,22973.7200,1,
2026-09-01 11:36:50,WIFUSDC,fixed_s,short,0.2000,0.2000,0.5000,0.3000,0.1975,0.1981,stop,-0.300,0.040,-0.00002,0.03,1,0,-0.3400,-0.6800,11499.8500,1,
2026-09-01 11:37:00,BIOUSDC,adapt_s,short,0.1861,0.1861,0.6204,0.3878,0.0265,0.0266,stop,-0.388,0.040,-0.00004,0.07,1,1,-0.4277,-0.8555,93418.4000,1,
2026-09-01 11:37:01,BOMEUSDC,fixed_s,short,0.2000,0.2000,0.5000,0.3000,0.0009,0.0009,stop,-0.300,0.040,-0.00036,0.57,1,1,-0.3396,-0.6793,6436437.1429,1,
2026-09-01 11:37:57,ORDIUSDC,fixed_s,short,0.2000,0.2000,0.5000,0.3000,3.9489,3.9607,stop,-0.300,0.040,-0.00002,0.03,1,1,-0.3400,-0.6800,329.5667,1,
2026-09-01 11:37:57,ORDIUSDC,adapt_s,short,0.1883,0.1883,0.6276,0.3922,3.9484,3.9639,stop,-0.392,0.040,-0.00002,0.03,1,1,-0.4322,-0.8644,329.5667,1,
2026-09-01 11:38:38,BTCUSDC,adapt_s,short,0.1000,0.1000,0.3334,0.2084,78655.6957,78819.6005,stop,-0.208,0.040,-0.00004,0.05,1,1,-0.2483,-0.4967,2.1367,1,
2026-09-01 11:38:49,UNIUSDC,fixed_s,short,0.2000,0.2000,0.5000,0.3000,5.3577,5.3738,stop,-0.300,0.040,-0.00002,0.02,1,0,-0.3400,-0.6800,4656.0000,1,
2026-09-01 11:38:50,UNIUSDC,deep_s,short,0.2000,0.5000,0.6000,0.5000,5.3697,5.3966,stop,-0.500,0.040,-0.00002,0.02,1,0,-0.5400,-1.0800,10534.6667,1,
2026-09-01 11:39:02,WLDUSDC,adapt_s,short,0.2644,0.2644,0.8814,0.5508,0.3674,0.3694,stop,-0.551,0.040,-0.00014,0.12,1,1,-0.5907,-1.1814,38253.0400,1,
2026-09-01 11:40:47,ORDIUSDC,deep_s,short,0.2000,0.5000,0.6000,0.5000,3.9466,3.9664,stop,-0.500,0.040,-0.00008,0.13,1,1,-0.5399,-1.0798,7781.9333,1,
2026-09-01 11:44:06,ADAUSDC,adapt_s,short,0.2062,0.2062,0.6874,0.4297,0.2007,0.2016,stop,-0.430,0.040,-0.00010,0.16,1,1,-0.4696,-0.9391,798359.9698,1,
2026-09-01 11:45:16,ARBUSDC,fixed_l,long,0.2000,0.2000,0.5000,0.3000,0.1128,0.1125,stop,-0.300,0.040,0.00004,0.03,1,1,-0.3400,-0.6801,96263.4000,1,
2026-09-01 11:46:06,TRUMPUSDC,fixed_s,short,0.2000,0.2000,0.5000,0.3000,2.4319,2.4197,tp,0.500,0.000,-0.00007,0.12,1,1,0.5001,1.0001,6628.6467,1,
2026-09-01 11:46:09,ARBUSDC,deep_l,long,0.2000,0.5000,0.6000,0.5000,0.1116,0.1110,stop,-0.500,0.040,0.00000,0.00,1,1,-0.5400,-1.0800,177824.6620,1,
2026-09-01 11:46:12,BOMEUSDC,deep_s,short,0.2000,0.5000,0.6000,0.5000,0.0009,0.0009,tp,0.600,0.000,-0.00010,0.15,1,1,0.6001,1.2002,23844380.5714,1,
2026-09-01 11:46:46,UNIUSDC,fixed_s,short,0.2000,0.2000,0.5000,0.3000,5.4298,5.4027,tp,0.500,0.000,-0.00005,0.04,1,1,0.5001,1.0001,17337.0000,1,
2026-09-01 11:47:07,ETHFIUSDC,fixed_s,short,0.2000,0.2000,0.5000,0.3000,0.5715,0.5687,tp,0.500,0.000,-0.00013,0.20,1,1,0.5001,1.0003,8868.9000,1,
2026-09-01 11:47:43,NEARUSDC,fixed_s,short,0.2000,0.2000,0.5000,0.3000,1.9639,1.9698,stop,-0.300,0.040,-0.00018,0.15,1,1,-0.3398,-0.6796,80436.0882,1,
2026-09-01 11:47:47,FILUSDC,fixed_s,short,0.2000,0.2000,0.5000,0.3000,0.6870,0.6890,stop,-0.300,0.040,0.00001,0.47,1,1,-0.3400,-0.6800,32216.8000,1,
2026-09-01 11:47:47,FILUSDC,adapt_s,short,0.1746,0.1746,0.5819,0.3637,0.6868,0.6893,stop,-0.364,0.040,0.00001,0.47,1,1,-0.4037,-0.8074,29434.5600,1,
2026-09-01 11:47:55,TRUMPUSDC,mom_s,short,0.3000,1.0000,0.8000,0.5000,2.4311,2.4116,tp,0.800,0.000,-0.00011,0.18,1,1,0.8001,1.6002,47307.8825,1,
2026-09-01 11:48:56,ARBUSDC,fixed_l,long,0.2000,0.2000,0.5000,0.3000,0.1109,0.1115,tp,0.500,0.000,0.00005,0.04,1,1,0.4999,0.9999,78076.6000,1,
2026-09-01 11:50:35,UNIUSDC,fixed_l,long,0.2000,0.2000,0.5000,0.3000,5.3782,5.3621,stop,-0.300,0.040,0.00006,0.05,1,1,-0.3401,-0.6801,15956.0000,1,
2026-09-01 11:50:56,CRVUSDC,fixed_s,short,0.2000,0.2000,0.5000,0.3000,0.3577,0.3559,tp,0.500,0.000,-0.00027,0.22,1,1,0.5003,1.0005,61787.6571,1,
2026-09-01 11:51:33,NEARUSDC,fixed_s,short,0.2000,0.2000,0.5000,0.3000,1.9729,1.9789,stop,-0.300,0.040,-0.00002,0.02,1,1,-0.3400,-0.6800,5828.0000,1,
2026-09-01 11:51:34,NEARUSDC,deep_s,short,0.2000,0.5000,0.6000,0.5000,1.9668,1.9766,stop,-0.500,0.040,-0.00010,0.08,1,1,-0.5399,-1.0798,104191.3433,1,
2026-09-01 11:51:46,ARBUSDC,fixed_l,long,0.2000,0.2000,0.5000,0.3000,0.1112,0.1118,tp,0.500,0.000,0.00002,0.02,1,1,0.5000,1.0000,60427.9000,1,
2026-09-01 11:52:29,NEARUSDC,adapt_s,short,0.3891,0.3891,1.2968,0.8105,1.9646,1.9805,stop,-0.811,0.040,-0.00017,0.14,1,1,-0.8504,-1.7007,73802.1562,1,
2026-09-01 11:52:39,TRUMPUSDC,fixed_l,long,0.2000,0.2000,0.5000,0.3000,2.4162,2.4089,stop,-0.300,0.040,0.00006,0.09,1,1,-0.3401,-0.6801,6405.9960,1,
2026-09-01 11:53:25,NEARUSDC,mom_s,short,0.3000,1.0000,0.8000,0.5000,1.9725,1.9824,stop,-0.500,0.040,-0.00006,0.05,1,1,-0.5399,-1.0799,136339.5000,0,
2026-09-01 11:53:38,ARBUSDC,mom_l,long,0.3000,1.0000,0.8000,0.5000,0.1112,0.1121,tp,0.800,0.000,0.00015,0.12,1,1,0.7998,1.5997,177794.2631,0,
2026-09-01 11:56:31,WLDUSDC,fixed_s,short,0.2000,0.2000,0.5000,0.3000,0.3695,0.3677,tp,0.500,0.000,-0.00034,0.29,1,1,0.5003,1.0007,24642.2667,1,
2026-09-01 11:58:58,KAITOUSDC,fixed_s,short,0.2000,0.2000,0.5000,0.3000,0.3015,0.3024,stop,-0.300,0.040,0.00045,0.50,1,1,-0.3405,-0.6809,3231.4083,1,
2026-09-01 11:58:58,KAITOUSDC,adapt_s,short,0.1695,0.1695,0.5649,0.3531,0.3014,0.3025,stop,-0.353,0.040,0.00045,0.50,1,1,-0.3935,-0.7870,1661.8333,1,
2026-09-01 12:00:24,ETHFIUSDC,adapt_l,long,0.3710,0.3710,1.2368,0.7730,0.5666,0.5701,timeout,0.620,0.040,0.00051,0.82,1,1,0.5790,1.1580,6129.3750,1,
2026-09-01 12:03:45,CRVUSDC,fixed_s,short,0.2000,0.2000,0.5000,0.3000,0.3580,0.3562,tp,0.500,0.000,-0.00010,0.08,1,1,0.5001,1.0002,32205.3333,1,
2026-09-01 12:04:37,FILUSDC,deep_s,short,0.2000,0.5000,0.6000,0.5000,0.6890,0.6925,stop,-0.500,0.040,0.00009,0.28,1,1,-0.5401,-1.0802,60320.0973,1,
2026-09-01 12:04:47,ARBUSDC,adapt_l,long,1.1606,1.1606,3.8685,2.4178,0.1113,0.1087,stop,-2.418,0.040,0.00038,0.31,1,1,-2.4582,-4.9164,159238.0941,1,
2026-09-01 12:04:48,ARBUSDC,deep_l,long,0.2000,0.5000,0.6000,0.5000,0.1104,0.1098,stop,-0.500,0.040,0.00002,0.02,1,1,-0.5400,-1.0800,159919.2059,1,
2026-09-01 12:04:48,ARBUSDC,mom_l,long,0.3000,1.0000,0.8000,0.5000,0.1106,0.1101,stop,-0.500,0.040,0.00002,0.02,1,1,-0.5400,-1.0800,150226.8556,0,
2026-09-01 12:04:49,ARBUSDC,mom30_l,long,0.7000,3.0000,3.0000,1.0000,0.1105,0.1094,stop,-1.000,0.040,0.00002,0.02,1,1,-1.0400,-2.0800,163829.4321,0,
2026-09-01 12:04:50,ARBUSDC,mom1h_l,long,1.0000,3.5000,4.0000,1.2000,0.1099,0.1086,stop,-1.200,0.040,0.00002,0.02,1,1,-1.2400,-2.4800,163117.9849,0,0.4933
2026-09-01 12:05:42,UNIUSDC,fixed_s,short,0.2000,0.2000,0.5000,0.3000,5.3988,5.3718,tp,0.500,0.000,-0.00005,0.04,1,1,0.5000,1.0001,8645.0000,1,
2026-09-01 12:05:46,NEARUSDC,fixed_s,short,0.2000,0.2000,0.5000,0.3000,1.9860,1.9919,stop,-0.300,0.040,-0.00007,0.06,1,1,-0.3399,-0.6799,71523.1000,1,
2026-09-01 12:05:54,FILUSDC,fixed_s,short,0.2000,0.2000,0.5000,0.3000,0.6915,0.6936,stop,-0.300,0.040,0.00002,0.06,1,1,-0.3400,-0.6800,62418.5111,1,
2026-09-01 12:05:54,FILUSDC,adapt_s,short,0.1782,0.1782,0.5939,0.3712,0.6913,0.6939,stop,-0.371,0.040,0.00002,0.06,1,1,-0.4112,-0.8224,51754.8222,1,
2026-09-01 12:06:07,ARBUSDC,fixed_l,long,0.2000,0.2000,0.5000,0.3000,0.1092,0.1089,stop,-0.300,0.040,0.00002,0.02,1,0,-0.3400,-0.6800,83519.4500,1,
2026-09-01 12:06:08,ARBUSDC,mom15_l,long,0.5000,2.5000,2.0000,0.8000,0.1092,0.1083,stop,-0.800,0.040,0.00005,0.04,1,1,-0.8400,-1.6801,180122.9108,0,
2026-09-01 12:07:14,TRUMPUSDC,adapt_s,short,0.3358,0.3358,1.1193,0.6996,2.4211,2.3940,tp,1.119,0.000,-0.00034,0.54,1,1,1.1196,2.2393,33652.7721,1,
2026-09-01 12:07:20,BOMEUSDC,fixed_l,long,0.2000,0.2000,0.5000,0.3000,0.0009,0.0009,stop,-0.300,0.040,0.00018,0.29,1,1,-0.3402,-0.6804,14886732.8276,1,
2026-09-01 12:08:13,WIFUSDC,fixed_s,short,0.2000,0.2000,0.5000,0.3000,0.1984,0.1974,tp,0.500,0.000,-0.00026,0.41,1,1,0.5003,1.0005,15812.2857,1,
2026-09-01 12:14:13,CRVUSDC,fixed_s,short,0.2000,0.2000,0.5000,0.3000,0.3585,0.3596,stop,-0.300,0.040,-0.00000,0.00,1,1,-0.3400,-0.6800,45114.2556,1,
2026-09-01 12:14:14,CRVUSDC,mom_s,short,0.3000,1.0000,0.8000,0.5000,0.3570,0.3588,stop,-0.500,0.040,-0.00088,0.70,1,1,-0.5391,-1.0782,94705.7286,1,
2026-09-01 12:16:00,ORDIUSDC,fixed_l,long,0.2000,0.2000,0.5000,0.3000,3.9441,3.9638,tp,0.500,0.000,0.00022,0.36,1,1,0.4998,0.9996,670.9429,1,
2026-09-01 12:16:02,WLDUSDC,deep_s,short,0.2000,0.5000,0.6000,0.5000,0.3679,0.3698,stop,-0.500,0.040,-0.00084,0.69,1,1,-0.5392,-1.0783,44008.5111,1,
2026-09-01 12:17:07,TRUMPUSDC,fixed_l,long,0.2000,0.2000,0.5000,0.3000,2.3972,2.4092,tp,0.500,0.000,0.00016,0.26,1,1,0.4998,0.9997,3638.0775,1,
2026-09-01 12:18:02,TIAUSDC,fixed_s,short,0.2000,0.2000,0.5000,0.3000,0.3405,0.3415,stop,-0.300,0.040,-0.00002,0.03,1,1,-0.3400,-0.6800,40660.2632,1,
2026-09-01 12:18:02,TIAUSDC,adapt_s,short,0.3260,0.3260,1.0868,0.6793,0.3391,0.3414,stop,-0.679,0.040,-0.00041,0.75,1,1,-0.7189,-1.4377,30654.5556,1,
2026-09-01 12:18:02,TIAUSDC,deep_s,short,0.2000,0.5000,0.6000,0.5000,0.3396,0.3413,stop,-0.500,0.040,-0.00037,0.69,1,1,-0.5396,-1.0793,41430.4000,1,
2026-09-01 12:18:12,TRUMPUSDC,deep_l,long,0.2000,0.5000,0.6000,0.5000,2.3960,2.4103,tp,0.600,0.000,0.00011,0.18,1,1,0.5999,1.1998,34514.8666,1,
2026-09-01 12:19:58,NEARUSDC,deep_s,short,0.2000,0.5000,0.6000,0.5000,1.9919,1.9800,tp,0.600,0.000,-0.00030,0.24,1,1,0.6003,1.2006,95308.6154,1,
2026-09-01 12:20:16,CRVUSDC,adapt_s,short,0.5788,0.5788,1.9294,1.2059,0.3565,0.3567,timeout,-0.070,0.040,-0.00100,0.80,1,1,-0.1087,-0.2175,94728.0455,1,
2026-09-01 12:23:53,ETHUSDC,fixed_s,short,0.2000,0.2000,0.5000,0.3000,2475.8719,2474.1600,timeout,0.069,0.040,-0.00091,0.81,1,1,0.0300,0.0601,59.8613,1,
2026-09-01 12:23:56,SOLUSDC,adapt_s,short,0.1433,0.1433,0.4778,0.2986,103.8687,103.9200,timeout,-0.049,0.040,-0.00032,0.81,1,1,-0.0891,-0.1782,3574.8650,1,
2026-09-01 12:24:02,LINKUSDC,adapt_s,short,0.1793,0.1793,0.5977,0.3736,11.4485,11.4580,timeout,-0.083,0.040,-0.00101,0.81,1,0,-0.1220,-0.2441,1466.3600,1,
2026-09-01 12:24:04,ADAUSDC,deep_s,short,0.2000,0.5000,0.6000,0.5000,0.2012,0.2010,timeout,0.100,0.040,-0.00050,0.81,1,1,0.0604,0.1208,1506938.1873,1,
2026-09-01 12:24:06,LTCUSDC,adapt_s,short,0.1175,0.1175,0.3916,0.2448,48.8874,48.9000,timeout,-0.026,0.040,-0.00101,0.81,1,1,-0.0648,-0.1297,190.4997,1,
2026-09-01 12:24:13,SUIUSDC,adapt_s,short,0.2246,0.2246,0.7486,0.4678,0.7343,0.7310,timeout,0.456,0.040,-0.00056,0.81,1,1,0.4161,0.8322,61597.0250,1,
2026-09-01 12:24:14,SUIUSDC,deep_s,short,0.2000,0.5000,0.6000,0.5000,0.7341,0.7310,timeout,0.416,0.040,-0.00056,0.81,1,1,0.3763,0.7527,101494.4857,1,
2026-09-01 12:24:21,WIFUSDC,fixed_s,short,0.2000,0.2000,0.5000,0.3000,0.1982,0.1988,stop,-0.300,0.040,-0.00005,0.09,1,1,-0.3399,-0.6799,8164.2500,1,
2026-09-01 12:24:33,BIOUSDC,deep_s,short,0.2000,0.5000,0.6000,0.5000,0.0266,0.0266,timeout,-0.028,0.040,-0.00050,0.81,1,1,-0.0679,-0.1357,437828.9643,1,
2026-09-01 12:24:35,CRVUSDC,deep_s,short,0.2000,0.5000,0.6000,0.5000,0.3588,0.3566,tp,0.600,0.000,-0.00021,0.17,1,1,0.6002,1.2004,80315.9000,1,
2026-09-01 12:25:05,SOLUSDC,fixed_s,short,0.2000,0.2000,0.5000,0.3000,103.9274,103.8700,timeout,0.055,0.040,-0.00033,0.81,1,1,0.0156,0.0312,4568.0080,1,
2026-09-01 12:25:07,DOGEUSDC,fixed_s,short,0.2000,0.2000,0.5000,0.3000,0.0833,0.0833,timeout,0.032,0.040,-0.00090,0.81,1,1,-0.0076,-0.0152,2205244.0000,1,
2026-09-01 12:25:10,XRPUSDC,deep_s,short,0.2000,0.5000,0.6000,0.5000,1.3887,1.3861,timeout,0.188,0.040,-0.00101,0.81,1,1,0.1489,0.2978,211661.1000,1,
2026-09-01 12:25:26,HBARUSDC,fixed_s,short,0.2000,0.2000,0.5000,0.3000,0.0743,0.0745,timeout,-0.272,0.040,-0.00030,0.81,1,1,-0.3114,-0.6229,395406.1905,1,
2026-09-01 12:26:10,BTCUSDC,fixed_s,short,0.2000,0.2000,0.5000,0.3000,78779.6448,78819.3000,timeout,-0.050,0.040,-0.00074,0.81,1,1,-0.0896,-0.1792,3.2405,1,
2026-09-01 12:26:22,UNIUSDC,fixed_l,long,0.2000,0.2000,0.5000,0.3000,5.3443,5.3710,tp,0.500,0.000,0.00002,0.02,1,1,0.5000,1.0000,22601.2667,1,
2026-09-01 12:26:42,WLDUSDC,mom_s,short,0.3000,1.0000,0.8000,0.5000,0.3691,0.3709,stop,-0.500,0.040,-0.00097,0.81,1,1,-0.5390,-1.0781,65655.5187,1,
2026-09-01 12:27:39,UNIUSDC,adapt_s,short,0.4906,0.4906,1.6352,1.0220,5.4104,5.3820,timeout,0.525,0.040,-0.00101,0.81,1,0,0.4862,0.9723,18617.0000,1,
2026-09-01 12:29:13,ORDIUSDC,fixed_s,short,0.2000,0.2000,0.5000,0.3000,3.9609,3.9620,timeout,-0.028,0.040,-0.00051,0.82,1,0,-0.0671,-0.1342,999.6000,1,
2026-09-01 12:29:13,ORDIUSDC,adapt_s,short,0.1930,0.1930,0.6432,0.4020,3.9606,3.9620,timeout,-0.035,0.040,-0.00051,0.82,1,0,-0.0741,-0.1483,999.6000,1,
2026-09-01 12:29:36,WLFIUSDC,adapt_l,long,0.1321,0.1321,0.4402,0.2751,0.0574,0.0573,stop,-0.275,0.040,0.00041,0.65,1,1,-0.3155,-0.6311,56625.3750,1,
2026-09-01 12:33:09,ETHFIUSDC,fixed_s,short,0.2000,0.2000,0.5000,0.3000,0.5716,0.5734,stop,-0.300,0.040,-0.00001,0.02,1,1,-0.3400,-0.6800,19743.2231,1,
2026-09-01 12:36:16,BOMEUSDC,adapt_l,long,0.3863,0.3863,1.2878,0.8049,0.0009,0.0009,timeout,-0.684,0.040,0.00051,0.82,1,1,-0.7247,-1.4495,10825947.6667,1,
2026-09-01 12:38:43,CRVUSDC,fixed_s,short,0.2000,0.2000,0.5000,0.3000,0.3586,0.3597,stop,-0.300,0.040,-0.00011,0.09,1,1,-0.3399,-0.6798,16903.6000,1,
2026-09-01 12:40:53,FILUSDC,fixed_s,short,0.2000,0.2000,0.5000,0.3000,0.6942,0.6907,tp,0.500,0.000,0.00022,0.38,1,1,0.4998,0.9996,42401.6000,1,
2026-09-01 12:41:15,ETHFIUSDC,mom_s,short,0.3000,1.0000,0.8000,0.5000,0.5752,0.5706,tp,0.800,0.000,-0.00006,0.10,1,1,0.8001,1.6001,26009.9920,0,
2026-09-01 12:42:01,FILUSDC,adapt_s,short,0.1998,0.1998,0.6659,0.4162,0.6942,0.6896,tp,0.666,0.000,0.00023,0.40,1,1,0.6657,1.3313,42401.6000,1,
2026-09-01 12:42:18,CRVUSDC,deep_s,short,0.2000,0.5000,0.6000,0.5000,0.3597,0.3575,tp,0.600,0.000,-0.00008,0.06,1,1,0.6001,1.2002,48082.9714,1,
2026-09-01 12:42:21,ETHFIUSDC,deep_s,short,0.2000,0.5000,0.6000,0.5000,0.5725,0.5691,tp,0.600,0.000,-0.00011,0.17,1,1,0.6001,1.2002,25667.0160,1,
2026-09-01 12:43:18,TRUMPUSDC,fixed_s,short,0.2000,0.2000,0.5000,0.3000,2.4088,2.3968,tp,0.500,0.000,-0.00027,0.44,1,1,0.5003,1.0005,444.5000,1,
2026-09-01 12:46:37,NEARUSDC,adapt_s,short,0.3958,0.3958,1.3193,0.8246,1.9919,1.9656,tp,1.319,0.000,-0.00085,0.68,1,1,1.3202,2.6403,22594.0000,1,
2026-09-01 12:46:51,WLDUSDC,fixed_s,short,0.2000,0.2000,0.5000,0.3000,0.3721,0.3703,tp,0.500,0.000,-0.00034,0.27,1,1,0.5003,1.0007,18926.6750,1,
2026-09-01 12:47:05,ETHFIUSDC,adapt_s,short,0.3678,0.3678,1.2261,0.7663,0.5738,0.5668,tp,1.226,0.000,-0.00014,0.23,1,1,1.2263,2.4525,25341.2754,1,
2026-09-01 12:47:08,KAITOUSDC,deep_s,short,0.2000,0.5000,0.6000,0.5000,0.3024,0.3022,timeout,0.068,0.040,0.00023,0.80,1,1,0.0274,0.0548,31055.1432,1,
2026-09-01 12:50:45,BOMEUSDC,mom_l,long,0.3000,1.0000,0.8000,0.5000,0.0009,0.0009,timeout,-0.067,0.040,0.00051,0.82,1,1,-0.1071,-0.2141,14592076.1429,0,
2026-09-01 12:51:22,XRPUSDC,fixed_l,long,0.2000,0.2000,0.5000,0.3000,1.3844,1.3803,stop,-0.300,0.040,0.00093,0.74,1,1,-0.3409,-0.6819,168543.6053,1,
2026-09-01 12:52:06,NEOUSDC,adapt_s,short,0.1813,0.1813,0.6044,0.3778,2.0477,2.0420,timeout,0.279,0.040,-0.00103,0.82,1,1,0.2397,0.4794,804.9240,1,
2026-09-01 12:52:44,NEARUSDC,fixed_l,long,0.2000,0.2000,0.5000,0.3000,1.9641,1.9582,stop,-0.300,0.040,0.00010,0.08,1,1,-0.3401,-0.6802,77291.7708,1,
2026-09-01 12:53:08,CRVUSDC,fixed_s,short,0.2000,0.2000,0.5000,0.3000,0.3587,0.3569,tp,0.500,0.000,-0.00005,0.04,1,1,0.5001,1.0001,22098.8667,1,
2026-09-01 12:54:50,SOLUSDC,adapt_l,long,0.1490,0.1490,0.4966,0.3103,103.5256,103.6200,timeout,0.091,0.040,0.00027,0.80,1,1,0.0510,0.1019,1871.1479,1,
2026-09-01 12:55:20,TRUMPUSDC,adapt_l,long,0.3344,0.3344,1.1147,0.6967,2.3960,2.4040,timeout,0.336,0.040,0.00050,0.80,1,1,0.2950,0.5901,34668.8427,1,
2026-09-01 12:55:27,BOMEUSDC,deep_l,long,0.2000,0.5000,0.6000,0.5000,0.0009,0.0009,timeout,-0.139,0.040,0.00050,0.80,1,1,-0.1795,-0.3590,14435656.6889,1,
2026-09-01 12:58:52,FILUSDC,adapt_l,long,0.1941,0.1941,0.6468,0.4043,0.6916,0.6888,stop,-0.404,0.040,-0.00047,0.78,1,1,-0.4438,-0.8876,5851.0000,1,
2026-09-01 12:58:56,WIFUSDC,deep_s,short,0.2000,0.5000,0.6000,0.5000,0.1990,0.1978,tp,0.600,0.000,-0.00034,0.54,1,1,0.6003,1.2007,90568.7784,1,
2026-09-01 12:59:00,WLDUSDC,adapt_s,short,0.2705,0.2705,0.9016,0.5635,0.3724,0.3690,tp,0.902,0.000,-0.00059,0.48,1,1,0.9022,1.8044,29299.5250,1,
2026-09-01 12:59:15,KAITOUSDC,adapt_l,long,0.1860,0.1860,0.6202,0.3876,0.3020,0.3023,timeout,0.087,0.040,-0.00018,0.81,1,1,0.0472,0.0945,8969.5714,1,
2026-09-01 12:59:51,ADAUSDC,mom15_l,long,0.5000,2.5000,2.0000,0.8000,0.0000,0.1952,expired,0.000,0.000,0.00000,2.00,0,0,0.0000,0.0000,0.0000,0,
2026-09-01 12:59:57,NEARUSDC,mom15_l,long,0.5000,2.5000,2.0000,0.8000,0.0000,1.9081,expired,0.000,0.000,0.00000,2.00,0,0,0.0000,0.0000,0.0000,0,
2026-09-01 12:59:57,NEARUSDC,mom30_l,long,0.7000,3.0000,3.0000,1.0000,0.0000,1.8983,expired,0.000,0.000,0.00000,2.00,0,0,0.0000,0.0000,0.0000,0,
2026-09-01 13:00:13,ORDIUSDC,mom15_l,long,0.5000,2.5000,2.0000,0.8000,0.0000,3.8249,expired,0.000,0.000,0.00000,2.00,0,0,0.0000,0.0000,0.0000,0,
2026-09-01 13:00:21,BOMEUSDC,mom15_l,long,0.5000,2.5000,2.0000,0.8000,0.0000,0.0009,expired,0.000,0.000,0.00000,2.00,0,0,0.0000,0.0000,0.0000,0,
2026-09-01 13:01:23,KAITOUSDC,fixed_l,long,0.2000,0.2000,0.5000,0.3000,0.3020,0.3022,timeout,0.068,0.040,-0.00016,0.82,1,1,0.0281,0.0562,11030.5333,1,
2026-09-01 13:01:24,NEOUSDC,fixed_s,short,0.2000,0.2000,0.5000,0.3000,2.0491,2.0388,tp,0.500,0.000,-0.00067,0.53,1,1,0.5007,1.0013,880.4389,1,
2026-09-01 13:02:20,BOMEUSDC,fixed_l,long,0.2000,0.2000,0.5000,0.3000,0.0009,0.0009,tp,0.500,0.000,0.00003,0.05,1,1,0.5000,0.9999,18846210.4348,1,
2026-09-01 13:04:49,ETHFIUSDC,deep_l,long,0.2000,0.5000,0.6000,0.5000,0.5674,0.5709,tp,0.600,0.000,0.00018,0.30,1,1,0.5998,1.1996,11664.7606,1,
2026-09-01 13:05:41,ORDIUSDC,fixed_l,long,0.2000,0.2000,0.5000,0.3000,3.9541,3.9738,tp,0.500,0.000,0.00025,0.39,1,1,0.4998,0.9995,2045.0833,1,
2026-09-01 13:05:44,WLDUSDC,fixed_s,short,0.2000,0.2000,0.5000,0.3000,0.3719,0.3731,stop,-0.300,0.040,-0.00002,0.02,1,1,-0.3400,-0.6800,13691.0500,1,
2026-09-01 13:08:17,TRUMPUSDC,fixed_s,short,0.2000,0.2000,0.5000,0.3000,2.4118,2.4190,stop,-0.300,0.040,-0.00002,0.04,1,1,-0.3400,-0.6800,1388.5067,1,
2026-09-01 13:08:35,NEOUSDC,adapt_l,long,0.1792,0.1792,0.5973,0.3733,2.0353,2.0475,tp,0.597,0.000,0.00012,0.10,1,1,0.5972,1.1944,2459.3574,1,
2026-09-01 13:10:25,UNIUSDC,fixed_l,long,0.2000,0.2000,0.5000,0.3000,5.3543,5.3810,tp,0.500,0.000,0.00067,0.54,1,1,0.4993,0.9987,2642.0000,1,
2026-09-01 13:12:55,WIFUSDC,adapt_s,short,0.2720,0.2720,0.9066,0.5666,0.1986,0.1985,timeout,0.070,0.040,-0.00051,0.81,1,1,0.0304,0.0608,68046.9771,1,
2026-09-01 13:13:58,UNIUSDC,adapt_l,long,0.5249,0.5249,1.7497,1.0936,5.3478,5.3700,timeout,0.415,0.040,0.00101,0.81,1,1,0.3745,0.7489,21483.3784,1,
2026-09-01 13:14:17,WLDUSDC,deep_s,short,0.2000,0.5000,0.6000,0.5000,0.3733,0.3710,tp,0.600,0.000,-0.00018,0.14,1,1,0.6002,1.2004,81063.0559,1,
2026-09-01 13:15:25,HBARUSDC,deep_s,short,0.2000,0.5000,0.6000,0.5000,0.0745,0.0747,timeout,-0.281,0.040,-0.00051,0.81,1,1,-0.3207,-0.6414,351230.8714,1,
2026-09-01 13:15:42,BOMEUSDC,fixed_s,short,0.2000,0.2000,0.5000,0.3000,0.0009,0.0009,stop,-0.300,0.040,-0.00013,0.20,1,1,-0.3399,-0.6797,7132956.5000,1,
2026-09-01 13:15:45,CRVUSDC,fixed_s,short,0.2000,0.2000,0.5000,0.3000,0.3590,0.3601,stop,-0.300,0.040,-0.00003,0.02,1,1,-0.3400,-0.6799,56952.3875,1,
2026-09-01 13:19:02,ORDIUSDC,deep_s,short,0.2000,0.5000,0.6000,0.5000,3.9748,3.9580,timeout,0.422,0.040,-0.00051,0.81,1,1,0.3825,0.7651,5506.6333,1,
2026-09-01 13:19:15,CRVUSDC,deep_s,short,0.2000,0.5000,0.6000,0.5000,0.3598,0.3616,stop,-0.500,0.040,-0.00010,0.08,1,1,-0.5399,-1.0798,107574.8783,1,
2026-09-01 13:20:05,NEARUSDC,deep_l,long,0.2000,0.5000,0.6000,0.5000,1.9582,1.9699,tp,0.600,0.000,0.00057,0.45,1,1,0.5994,1.1989,105538.3269,1,
2026-09-01 13:20:35,ETHFIUSDC,deep_s,short,0.2000,0.5000,0.6000,0.5000,0.5731,0.5696,tp,0.600,0.000,-0.00014,0.22,1,1,0.6001,1.2003,9041.7500,1,
2026-09-01 13:21:46,CRVUSDC,fixed_s,short,0.2000,0.2000,0.5000,0.3000,0.3615,0.3597,tp,0.500,0.000,-0.00005,0.04,1,1,0.5001,1.0001,24977.8000,1,
2026-09-01 13:22:23,BNBUSDC,adapt_l,long,0.0821,0.0821,0.2736,0.1710,693.0406,691.8553,stop,-0.171,0.040,0.00000,0.68,1,1,-0.2110,-0.4221,60.4904,1,
2026-09-01 13:23:54,ORDIUSDC,fixed_s,short,0.2000,0.2000,0.5000,0.3000,3.9689,3.9491,tp,0.500,0.000,-0.00020,0.32,1,1,0.5002,1.0004,1822.4118,1,
2026-09-01 13:24:08,CRVUSDC,mom_s,short,0.3000,1.0000,0.8000,0.5000,0.3611,0.3582,tp,0.800,0.000,-0.00013,0.10,1,1,0.8001,1.6003,133356.5019,0,
2026-09-01 13:27:55,ETHFIUSDC,deep_l,long,0.2000,0.5000,0.6000,0.5000,0.5673,0.5708,tp,0.600,0.000,0.00003,0.04,1,1,0.6000,1.1999,10077.1000,1,
2026-09-01 13:28:40,NEARUSDC,mom30_s,short,0.7000,3.0000,3.0000,1.0000,0.0000,2.0023,expired,0.000,0.000,0.00000,2.02,0,0,0.0000,0.0000,0.0000,1,
2026-09-01 13:30:12,ETHFIUSDC,adapt_l,long,0.3813,0.3813,1.2709,0.7943,0.5694,0.5710,timeout,0.277,0.040,0.00051,0.82,1,1,0.2368,0.4737,7927.2500,1,
2026-09-01 13:31:00,WIFUSDC,fixed_s,short,0.2000,0.2000,0.5000,0.3000,0.1989,0.1995,stop,-0.300,0.040,-0.00026,0.42,1,1,-0.3397,-0.6795,69860.2292,1,
2026-09-01 13:32:00,UNIUSDC,fixed_s,short,0.2000,0.2000,0.5000,0.3000,5.3988,5.4150,stop,-0.300,0.040,-0.00002,0.02,1,1,-0.3400,-0.6800,24782.7123,1,
2026-09-01 13:32:17,WIFUSDC,adapt_s,short,0.2723,0.2723,0.9077,0.5673,0.1995,0.2007,stop,-0.567,0.040,-0.00001,0.02,1,1,-0.6073,-1.2145,22878.3000,1,
2026-09-01 13:32:17,WIFUSDC,deep_s,short,0.2000,0.5000,0.6000,0.5000,0.1996,0.2006,stop,-0.500,0.040,-0.00001,0.02,1,1,-0.5400,-1.0800,83722.3417,1,
2026-09-01 13:32:18,WIFUSDC,mom_s,short,0.3000,1.0000,0.8000,0.5000,0.1994,0.2004,stop,-0.500,0.040,-0.00001,0.02,1,1,-0.5400,-1.0800,114836.0479,0,
2026-09-01 13:32:30,BOMEUSDC,deep_s,short,0.2000,0.5000,0.6000,0.5000,0.0009,0.0009,stop,-0.500,0.040,-0.00017,0.28,1,1,-0.5398,-1.0797,9589319.6667,1,
2026-09-01 13:33:33,WIFUSDC,mom15_l,long,0.5000,2.5000,2.0000,0.8000,0.0000,0.1921,expired,0.000,0.000,0.00000,2.01,0,0,0.0000,0.0000,0.0000,0,
2026-09-01 13:33:44,ARBUSDC,mom15_s,short,0.5000,2.5000,2.0000,0.8000,0.0000,0.1155,expired,0.000,0.000,0.00000,2.01,0,0,0.0000,0.0000,0.0000,0,
2026-09-01 13:34:32,XRPUSDC,deep_l,long,0.2000,0.5000,0.6000,0.5000,1.3803,1.3885,tp,0.600,0.000,0.00090,0.72,1,1,0.5991,1.1982,210291.4373,1,
2026-09-01 13:35:55,ADAUSDC,fixed_s,short,0.2000,0.2000,0.5000,0.3000,0.2015,0.2021,stop,-0.300,0.040,-0.00025,0.41,1,1,-0.3397,-0.6795,533735.6298,1,
2026-09-01 13:35:55,ADAUSDC,adapt_s,short,0.2113,0.2113,0.7045,0.4403,0.2015,0.2024,stop,-0.440,0.040,-0.00027,0.42,1,1,-0.4800,-0.9600,543899.6848,1,
2026-09-01 13:35:59,UNIUSDC,fixed_s,short,0.2000,0.2000,0.5000,0.3000,5.4318,5.4481,stop,-0.300,0.040,-0.00003,0.02,1,1,-0.3400,-0.6799,5024.5000,1,
2026-09-01 13:36:13,WIFUSDC,fixed_s,short,0.2000,0.2000,0.5000,0.3000,0.2009,0.1999,tp,0.500,0.000,-0.00001,0.02,1,1,0.5000,1.0000,43888.6000,1,
2026-09-01 13:36:20,TRUMPUSDC,fixed_s,short,0.2000,0.2000,0.5000,0.3000,2.4268,2.4341,stop,-0.300,0.040,-0.00005,0.08,1,1,-0.3399,-0.6799,23690.4611,1,
2026-09-01 13:36:21,TRUMPUSDC,adapt_s,short,0.3199,0.3199,1.0662,0.6664,2.4177,2.4338,stop,-0.666,0.040,-0.00031,0.49,1,1,-0.7061,-1.4121,37972.4130,1,
2026-09-01 13:37:22,UNIUSDC,fixed_s,short,0.2000,0.2000,0.5000,0.3000,5.4870,5.5034,stop,-0.300,0.040,-0.00000,0.00,1,1,-0.3400,-0.6800,418.0000,1,
2026-09-01 13:37:22,UNIUSDC,deep_s,short,0.2000,0.5000,0.6000,0.5000,5.4461,5.4733,stop,-0.500,0.040,-0.00003,0.02,1,1,-0.5400,-1.0799,29141.1238,1,
2026-09-01 13:37:23,UNIUSDC,mom_s,short,0.3000,1.0000,0.8000,0.5000,5.4429,5.4701,stop,-0.500,0.040,-0.00003,0.02,1,1,-0.5400,-1.0799,29374.8932,0,
2026-09-01 13:38:25,ETHUSDC,mom15_l,long,0.5000,2.5000,2.0000,0.8000,0.0000,2416.9762,expired,0.000,0.000,0.00000,2.02,0,0,0.0000,0.0000,0.0000,0,
2026-09-01 13:38:27,SOLUSDC,mom15_l,long,0.5000,2.5000,2.0000,0.8000,0.0000,101.4000,expired,0.000,0.000,0.00000,2.02,0,0,0.0000,0.0000,0.0000,0,
2026-09-01 13:38:32,XRPUSDC,mom15_l,long,0.5000,2.5000,2.0000,0.8000,0.0000,1.3527,expired,0.000,0.000,0.00000,2.02,0,0,0.0000,0.0000,0.0000,0,
2026-09-01 13:38:34,LINKUSDC,mom15_l,long,0.5000,2.5000,2.0000,0.8000,0.0000,11.1793,expired,0.000,0.000,0.00000,2.02,0,0,0.0000,0.0000,0.0000,0,
2026-09-01 13:38:39,UNIUSDC,mom15_l,long,0.5000,2.5000,2.0000,0.8000,0.0000,5.2494,expired,0.000,0.000,0.00000,2.02,0,0,0.0000,0.0000,0.0000,0,
2026-09-01 13:38:59,WLDUSDC,mom15_l,long,0.5000,2.5000,2.0000,0.8000,0.0000,0.3592,expired,0.000,0.000,0.00000,2.02,0,0,0.0000,0.0000,0.0000,0,
2026-09-01 13:39:02,TRUMPUSDC,mom15_l,long,0.5000,2.5000,2.0000,0.8000,0.0000,2.3663,expired,0.000,0.000,0.00000,2.02,0,0,0.0000,0.0000,0.0000,0,
2026-09-01 13:39:10,BOMEUSDC,fixed_s,short,0.2000,0.2000,0.5000,0.3000,0.0009,0.0009,stop,-0.300,0.040,-0.00007,0.11,1,1,-0.3399,-0.6799,11005995.4000,1,
2026-09-01 13:39:14,CRVUSDC,mom15_l,long,0.5000,2.5000,2.0000,0.8000,0.0000,0.3484,expired,0.000,0.000,0.00000,2.02,0,0,0.0000,0.0000,0.0000,0,
2026-09-01 13:39:45,BTCUSDC,adapt_s,short,0.1094,0.1094,0.3646,0.2279,78909.1224,79088.9488,stop,-0.228,0.040,-0.00070,0.57,1,1,-0.2672,-0.5344,3.8734,1,
2026-09-01 13:41:05,UNIUSDC,fixed_s,short,0.2000,0.2000,0.5000,0.3000,5.5000,5.5165,stop,-0.300,0.040,-0.00000,0.00,1,1,-0.3400,-0.6800,7017.3333,1,
2026-09-01 13:41:06,UNIUSDC,adapt_s,short,0.5456,0.5456,1.8187,1.1367,5.4566,5.5186,stop,-1.137,0.040,-0.00011,0.09,1,0,-1.1766,-2.3532,7492.5000,1,
2026-09-01 13:41:35,ETHFIUSDC,adapt_s,short,0.3861,0.3861,1.2871,0.8044,0.5724,0.5770,stop,-0.804,0.040,-0.00037,0.59,1,1,-0.8440,-1.6881,7866.2000,1,
2026-09-01 13:41:35,ETHFIUSDC,deep_s,short,0.2000,0.5000,0.6000,0.5000,0.5731,0.5759,stop,-0.500,0.040,-0.00010,0.15,1,1,-0.5399,-1.0798,18162.3167,1,
2026-09-01 13:41:36,ETHFIUSDC,mom_s,short,0.3000,1.0000,0.8000,0.5000,0.5743,0.5772,stop,-0.500,0.040,-0.00004,0.06,1,1,-0.5400,-1.0799,21531.4383,0,
2026-09-01 13:42:13,LINKUSDC,adapt_s,short,0.1808,0.1808,0.6026,0.3766,11.4567,11.4998,stop,-0.377,0.040,-0.00077,0.61,1,1,-0.4159,-0.8318,2954.7833,1,
2026-09-01 13:42:17,LTCUSDC,adapt_s,short,0.1183,0.1183,0.3944,0.2465,48.9178,49.0384,stop,-0.247,0.040,-0.00019,0.15,1,1,-0.2863,-0.5727,1685.6424,1,
2026-09-01 13:42:19,UNIUSDC,deep_s,short,0.2000,0.5000,0.6000,0.5000,5.5164,5.5440,stop,-0.500,0.040,-0.00002,0.02,1,1,-0.5400,-1.0800,14079.6667,1,
2026-09-01 13:42:19,UNIUSDC,mom15_s,short,0.5000,2.5000,2.0000,0.8000,5.5104,5.5545,stop,-0.800,0.040,-0.00011,0.08,1,1,-0.8399,-1.6798,29980.1771,0,
2026-09-01 13:42:29,HBARUSDC,adapt_s,short,0.1470,0.1470,0.4899,0.3062,0.0748,0.0750,stop,-0.306,0.040,-0.00037,0.59,1,1,-0.3458,-0.6916,63816.2500,1,
2026-09-01 13:42:49,ETHFIUSDC,fixed_s,short,0.2000,0.2000,0.5000,0.3000,0.5756,0.5774,stop,-0.300,0.040,-0.00001,0.02,1,1,-0.3400,-0.6800,22707.3140,1,
2026-09-01 13:43:31,UNIUSDC,mom30_l,long,0.7000,3.0000,3.0000,1.0000,0.0000,5.2545,expired,0.000,0.000,0.00000,2.00,0,0,0.0000,0.0000,0.0000,0,
2026-09-01 13:43:36,SUIUSDC,mom15_l,long,0.5000,2.5000,2.0000,0.8000,0.0000,0.7172,expired,0.000,0.000,0.00000,2.00,0,0,0.0000,0.0000,0.0000,0,
2026-09-01 13:43:42,HBARUSDC,mom15_l,long,0.5000,2.5000,2.0000,0.8000,0.0000,0.0724,expired,0.000,0.000,0.00000,2.00,0,0,0.0000,0.0000,0.0000,0,
2026-09-01 13:43:47,ORDIUSDC,mom30_l,long,0.7000,3.0000,3.0000,1.0000,0.0000,3.8402,expired,0.000,0.000,0.00000,2.00,0,0,0.0000,0.0000,0.0000,0,
2026-09-01 13:43:53,ARBUSDC,mom30_s,short,0.7000,3.0000,3.0000,1.0000,0.0000,0.1165,expired,0.000,0.000,0.00000,2.00,0,0,0.0000,0.0000,0.0000,0,
2026-09-01 13:43:59,CRVUSDC,mom30_l,long,0.7000,3.0000,3.0000,1.0000,0.0000,0.3472,expired,0.000,0.000,0.00000,2.00,0,0,0.0000,0.0000,0.0000,0,
2026-09-01 13:44:03,NEOUSDC,adapt_s,short,0.1826,0.1826,0.6086,0.3804,2.0487,2.0565,stop,-0.380,0.040,-0.00074,0.59,1,1,-0.4197,-0.8393,1910.2524,1,
2026-09-01 13:44:43,SUIUSDC,fixed_s,short,0.2000,0.2000,0.5000,0.3000,0.7318,0.7340,stop,-0.300,0.040,-0.00057,0.63,1,1,-0.3394,-0.6789,43423.8500,1,
2026-09-01 13:45:46,SOLUSDC,adapt_s,short,0.1388,0.1388,0.4627,0.2892,103.8740,104.1743,stop,-0.289,0.040,-0.00019,0.67,1,1,-0.3290,-0.6579,2260.3633,1,
2026-09-01 13:45:48,DOGEUSDC,adapt_s,short,0.1441,0.1441,0.4803,0.3002,0.0835,0.0837,stop,-0.300,0.040,-0.00017,0.19,1,1,-0.3400,-0.6801,2664787.8667,1,
2026-09-01 13:45:59,NEARUSDC,fixed_s,short,0.2000,0.2000,0.5000,0.3000,1.9779,1.9839,stop,-0.300,0.040,-0.00003,0.02,1,1,-0.3400,-0.6799,86917.7321,1,
2026-09-01 13:45:59,NEARUSDC,adapt_s,short,0.3737,0.3737,1.2457,0.7786,1.9744,1.9897,stop,-0.779,0.040,-0.00054,0.43,1,1,-0.8180,-1.6360,39902.0000,1,
2026-09-01 13:46:10,ORDIUSDC,fixed_l,long,0.2000,0.2000,0.5000,0.3000,3.9441,3.9638,tp,0.500,0.000,0.00016,0.25,1,1,0.4998,0.9997,735.6250,1,
2026-09-01 13:48:14,UNIUSDC,fixed_s,short,0.2000,0.2000,0.5000,0.3000,5.5751,5.5473,tp,0.500,0.000,-0.00010,0.08,1,0,0.5001,1.0002,3819.5000,1,
2026-09-01 13:49:22,AVAXUSDC,fixed_s,short,0.2000,0.2000,0.5000,0.3000,7.2956,7.3174,stop,-0.300,0.040,-0.00028,0.22,1,1,-0.3397,-0.6794,4587.9233,1,
2026-09-01 13:49:22,AVAXUSDC,adapt_s,short,0.1429,0.1429,0.4763,0.2977,7.2994,7.3211,stop,-0.298,0.040,-0.00028,0.22,1,1,-0.3374,-0.6748,13167.2020,1,
2026-09-01 13:49:42,ORDIUSDC,fixed_s,short,0.2000,0.2000,0.5000,0.3000,3.9609,3.9728,stop,-0.300,0.040,-0.00004,0.06,1,1,-0.3400,-0.6799,1202.7182,1,
2026-09-01 13:50:02,NEOUSDC,fixed_s,short,0.2000,0.2000,0.5000,0.3000,2.0531,2.0593,stop,-0.300,0.040,-0.00017,0.14,1,1,-0.3398,-0.6797,557.0125,1,
2026-09-01 13:50:42,SUIUSDC,adapt_s,short,0.2177,0.2177,0.7257,0.4535,0.7319,0.7352,stop,-0.454,0.040,-0.00030,0.33,1,1,-0.4932,-0.9865,104980.4333,1,
2026-09-01 13:51:04,BOMEUSDC,adapt_s,short,0.3918,0.3918,1.3060,0.8162,0.0009,0.0009,stop,-0.816,0.040,-0.00024,0.39,1,1,-0.8560,-1.7120,22675227.8571,1,
2026-09-01 13:51:59,FILUSDC,fixed_s,short,0.2000,0.2000,0.5000,0.3000,0.6897,0.6917,stop,-0.300,0.040,0.00023,0.31,1,1,-0.3402,-0.6805,24227.7667,1,
2026-09-01 13:53:09,WLDUSDC,fixed_s,short,0.2000,0.2000,0.5000,0.3000,0.3729,0.3741,stop,-0.300,0.040,-0.00031,0.26,1,1,-0.3397,-0.6794,45371.6263,1,
2026-09-01 13:53:22,ETHFIUSDC,fixed_s,short,0.2000,0.2000,0.5000,0.3000,0.5797,0.5814,stop,-0.300,0.040,-0.00005,0.08,1,1,-0.3400,-0.6799,2280.8000,1,
2026-09-01 13:54:11,FILUSDC,adapt_s,short,0.2159,0.2159,0.7196,0.4497,0.6898,0.6929,stop,-0.450,0.040,0.00024,0.32,1,1,-0.4900,-0.9799,29007.6571,1,
2026-09-01 13:54:17,ORDIUSDC,adapt_s,short,0.2116,0.2116,0.7053,0.4408,3.9694,3.9620,timeout,0.186,0.040,-0.00051,0.81,1,1,0.1465,0.2929,1996.6500,1,
2026-09-01 13:54:19,WLDUSDC,adapt_s,short,0.2748,0.2748,0.9160,0.5725,0.3732,0.3740,timeout,-0.208,0.040,-0.00098,0.81,1,0,-0.2473,-0.4945,2940.8000,1,
2026-09-01 13:54:33,ETHFIUSDC,deep_s,short,0.2000,0.5000,0.6000,0.5000,0.5814,0.5843,stop,-0.500,0.040,-0.00001,0.02,1,1,-0.5400,-1.0800,13719.1667,1,
2026-09-01 13:55:01,SOLUSDC,fixed_s,short,0.2000,0.2000,0.5000,0.3000,104.0076,104.2000,timeout,-0.185,0.040,-0.00021,0.81,1,1,-0.2248,-0.4496,5985.4100,1,
2026-09-01 13:55:34,TRUMPUSDC,mom15_s,short,0.5000,2.5000,2.0000,0.8000,0.0000,2.4661,expired,0.000,0.000,0.00000,2.01,0,0,0.0000,0.0000,0.0000,0,
2026-09-01 13:57:49,WIFUSDC,fixed_s,short,0.2000,0.2000,0.5000,0.3000,0.1992,0.1998,stop,-0.300,0.040,-0.00014,0.22,1,1,-0.3399,-0.6797,32069.3000,1,
2026-09-01 14:00:11,BOMEUSDC,fixed_s,short,0.2000,0.2000,0.5000,0.3000,0.0009,0.0009,stop,-0.300,0.040,-0.00012,0.19,1,1,-0.3399,-0.6798,7465689.6000,1,
2026-09-01 14:02:25,CRVUSDC,adapt_s,short,0.5479,0.5479,1.8264,1.1415,0.3613,0.3547,tp,1.826,0.000,-0.00093,0.74,1,1,1.8273,3.6546,139579.9368,1,
2026-09-01 14:04:17,UNIUSDC,fixed_s,short,0.2000,0.2000,0.5000,0.3000,5.5872,5.6039,stop,-0.300,0.040,-0.00024,0.19,1,1,-0.3398,-0.6795,15805.3333,1,
2026-09-01 14:04:34,ORDIUSDC,deep_s,short,0.2000,0.5000,0.6000,0.5000,3.9728,3.9489,tp,0.600,0.000,-0.00016,0.25,1,1,0.6002,1.2003,5040.7000,1,
2026-09-01 14:05:36,NEARUSDC,deep_s,short,0.2000,0.5000,0.6000,0.5000,1.9839,1.9720,tp,0.600,0.000,-0.00041,0.33,1,1,0.6004,1.2008,126034.4211,1,
2026-09-01 14:05:44,HBARUSDC,adapt_s,short,0.1547,0.1547,0.5157,0.3223,0.0752,0.0748,tp,0.516,0.000,-0.00015,0.25,1,1,0.5158,1.0316,128826.3333,1,
2026-09-01 14:06:06,KAITOUSDC,fixed_s,short,0.2000,0.2000,0.5000,0.3000,0.3030,0.3015,tp,0.500,0.000,0.00008,0.13,1,1,0.4999,0.9998,23076.2400,1,
2026-09-01 14:06:07,KAITOUSDC,adapt_s,short,0.1914,0.1914,0.6379,0.3987,0.3030,0.3010,tp,0.638,0.000,0.00051,0.80,1,1,0.6374,1.2748,23228.1442,1,
2026-09-01 14:06:46,UNIUSDC,deep_s,short,0.2000,0.5000,0.6000,0.5000,5.6139,5.5802,tp,0.600,0.000,-0.00005,0.04,1,1,0.6001,1.2001,22155.0000,1,
2026-09-01 14:07:00,FILUSDC,mom15_l,long,0.5000,2.5000,2.0000,0.8000,0.0000,0.6781,expired,0.000,0.000,0.00000,2.02,0,0,0.0000,0.0000,0.0000,0,
2026-09-01 14:07:17,BOMEUSDC,deep_s,short,0.2000,0.5000,0.6000,0.5000,0.0009,0.0009,tp,0.600,0.000,-0.00007,0.12,1,1,0.6001,1.2001,18916474.0000,1,
2026-09-01 14:07:17,BOMEUSDC,mom_s,short,0.3000,1.0000,0.8000,0.5000,0.0009,0.0009,tp,0.800,0.000,-0.00007,0.12,1,1,0.8001,1.6001,22112904.5691,0,
2026-09-01 14:09:45,ETHFIUSDC,adapt_l,long,0.4273,0.4273,1.4242,0.8902,0.5787,0.5736,stop,-0.890,0.040,0.00004,0.06,1,1,-0.9302,-1.8604,7235.8167,1,
2026-09-01 14:09:45,ETHFIUSDC,adapt_s,short,0.4121,0.4121,1.3737,0.8586,0.5822,0.5742,tp,1.374,0.000,-0.00017,0.27,1,1,1.3739,2.7477,13464.9250,1,
2026-09-01 14:10:52,ETHFIUSDC,deep_l,long,0.2000,0.5000,0.6000,0.5000,0.5756,0.5727,stop,-0.500,0.040,0.00001,0.02,1,1,-0.5400,-1.0800,17346.8471,1,
2026-09-01 14:10:54,ETHFIUSDC,mom15_s,short,0.5000,2.5000,2.0000,0.8000,0.5815,0.5699,tp,2.000,0.000,-0.00018,0.29,1,1,2.0002,4.0004,25182.8827,0,
2026-09-01 14:11:55,WLDUSDC,deep_s,short,0.2000,0.5000,0.6000,0.5000,0.3741,0.3718,tp,0.600,0.000,-0.00035,0.31,1,1,0.6004,1.2007,63452.0625,1,
2026-09-01 14:17:55,ARBUSDC,mom15_l,long,0.5000,2.5000,2.0000,0.8000,0.1092,0.1084,expired,0.000,0.040,0.00005,2.24,0,0,0.0000,0.0000,180122.9108,0,
2026-09-01 14:18:43,UNIUSDC,fixed_s,short,0.2000,0.2000,0.5000,0.3000,5.6042,5.6210,stop,-0.300,0.040,-0.00003,0.02,1,1,-0.3400,-0.6799,4349.6000,1,
2026-09-01 14:20:13,TRUMPUSDC,adapt_l,long,0.3147,0.3147,1.0492,0.6557,2.4114,2.3956,stop,-0.656,0.040,0.00014,0.22,1,1,-0.6959,-1.3917,12128.6860,1,
2026-09-01 14:20:34,WLFIUSDC,fixed_l,long,0.2000,0.2000,0.5000,0.3000,0.0572,0.0570,stop,-0.300,0.040,0.00012,0.20,1,1,-0.3401,-0.6802,151559.5647,1,
2026-09-01 14:21:01,BNBUSDC,adapt_l,long,0.0883,0.0883,0.2942,0.1839,692.8879,691.6138,stop,-0.184,0.040,0.00000,0.18,1,1,-0.2239,-0.4478,69.4690,1,
2026-09-01 14:22:25,TIAUSDC,mom15_l,long,0.5000,2.5000,2.0000,0.8000,0.0000,0.3325,expired,0.000,0.000,0.00000,2.01,0,0,0.0000,0.0000,0.0000,0,
2026-09-01 14:23:15,BTCUSDC,deep_s,short,0.2000,0.5000,0.6000,0.5000,79015.5120,78817.2000,timeout,0.251,0.040,-0.00102,0.81,1,1,0.2120,0.4240,3.6077,1,
2026-09-01 14:23:19,DOGEUSDC,fixed_s,short,0.2000,0.2000,0.5000,0.3000,0.0839,0.0835,tp,0.500,0.000,-0.00039,0.49,1,1,0.5004,1.0008,1384431.3000,1,
2026-09-01 14:23:22,XRPUSDC,fixed_s,short,0.2000,0.2000,0.5000,0.3000,1.3924,1.3854,tp,0.500,0.000,-0.00076,0.61,1,1,0.5008,1.0015,190106.3548,1,
2026-09-01 14:23:35,SUIUSDC,deep_s,short,0.2000,0.5000,0.6000,0.5000,0.7340,0.7295,tp,0.600,0.000,-0.00063,0.65,1,1,0.6006,1.2013,125964.6371,1,
2026-09-01 14:23:44,ORDIUSDC,fixed_l,long,0.2000,0.2000,0.5000,0.3000,3.9441,3.9323,stop,-0.300,0.040,0.00017,0.28,1,1,-0.3402,-0.6803,785.1750,1,
2026-09-01 14:24:33,DOGEUSDC,deep_s,short,0.2000,0.5000,0.6000,0.5000,0.0835,0.0833,timeout,0.234,0.040,-0.00064,0.81,1,1,0.1948,0.3897,2828598.7321,1,
2026-09-01 14:24:34,BNBUSDC,fixed_s,short,0.2000,0.2000,0.5000,0.3000,694.5163,691.0437,tp,0.500,0.000,0.00000,0.45,1,1,0.5000,1.0000,68.9854,1,
2026-09-01 14:24:36,LINKUSDC,fixed_s,short,0.2000,0.2000,0.5000,0.3000,11.4979,11.4405,tp,0.500,0.000,-0.00088,0.71,1,1,0.5009,1.0018,7204.9818,1,
2026-09-01 14:24:36,XRPUSDC,deep_s,short,0.2000,0.5000,0.6000,0.5000,1.3902,1.3846,timeout,0.404,0.040,-0.00102,0.81,1,1,0.3650,0.7300,184433.9556,1,
2026-09-01 14:24:40,ADAUSDC,deep_s,short,0.2000,0.5000,0.6000,0.5000,0.2023,0.2011,tp,0.600,0.000,-0.00051,0.81,1,1,0.6005,1.2010,1269931.7208,1,
2026-09-01 14:24:42,AVAXUSDC,deep_s,short,0.2000,0.5000,0.6000,0.5000,7.3174,7.2735,tp,0.600,0.000,-0.00074,0.59,1,1,0.6007,1.2015,11077.5365,1,
2026-09-01 14:24:45,UNIUSDC,deep_s,short,0.2000,0.5000,0.6000,0.5000,5.6210,5.5872,tp,0.600,0.000,-0.00015,0.12,1,1,0.6002,1.2003,17731.4000,1,
2026-09-01 14:25:48,XRPUSDC,adapt_s,short,0.1711,0.1711,0.5705,0.3565,1.3921,1.3841,tp,0.570,0.000,-0.00081,0.65,1,1,0.5713,1.1426,188135.3325,1,
2026-09-01 14:25:57,NEARUSDC,fixed_l,long,0.2000,0.2000,0.5000,0.3000,1.9561,1.9502,stop,-0.300,0.040,0.00013,0.10,1,1,-0.3401,-0.6803,91073.0000,1,
2026-09-01 14:27:06,UNIUSDC,fixed_s,short,0.2000,0.2000,0.5000,0.3000,5.6383,5.6552,stop,-0.300,0.040,-0.00002,0.02,1,1,-0.3400,-0.6800,7801.8333,1,
2026-09-01 14:27:06,UNIUSDC,adapt_s,short,0.5964,0.5964,1.9878,1.2424,5.5972,5.6667,stop,-1.242,0.040,-0.00091,0.73,1,1,-1.2815,-2.5630,6474.0000,1,
2026-09-01 14:27:07,UNIUSDC,deep_s,short,0.2000,0.5000,0.6000,0.5000,5.6602,5.6885,stop,-0.500,0.040,-0.00000,0.00,1,0,-0.5400,-1.0800,17265.0000,1,
2026-09-01 14:27:08,UNIUSDC,mom_s,short,0.3000,1.0000,0.8000,0.5000,5.6237,5.6518,stop,-0.500,0.040,-0.00020,0.16,1,1,-0.5398,-1.0796,20934.9643,0,
2026-09-01 14:28:22,NEARUSDC,mom15_s,short,0.5000,2.5000,2.0000,0.8000,0.0000,2.0213,expired,0.000,0.000,0.00000,2.01,0,0,0.0000,0.0000,0.0000,0,
2026-09-01 14:28:28,FILUSDC,fixed_s,short,0.2000,0.2000,0.5000,0.3000,0.6942,0.6963,stop,-0.300,0.040,0.00016,0.22,1,1,-0.3402,-0.6803,83043.5850,1,
2026-09-01 14:28:47,CRVUSDC,mom15_s,short,0.5000,2.5000,2.0000,0.8000,0.0000,0.3628,expired,0.000,0.000,0.00000,2.01,0,0,0.0000,0.0000,0.0000,0,
2026-09-01 14:28:48,CRVUSDC,mom30_s,short,0.7000,3.0000,3.0000,1.0000,0.0000,0.3646,expired,0.000,0.000,0.00000,2.01,0,0,0.0000,0.0000,0.0000,0,
2026-09-01 14:28:53,NEOUSDC,fixed_s,short,0.2000,0.2000,0.5000,0.3000,2.0591,2.0653,stop,-0.300,0.040,-0.00010,0.08,1,1,-0.3399,-0.6798,350.5503,1,
2026-09-01 14:28:54,NEOUSDC,deep_s,short,0.2000,0.5000,0.6000,0.5000,2.0552,2.0655,stop,-0.500,0.040,-0.00093,0.75,1,1,-0.5391,-1.0781,2395.8698,1,
2026-09-01 14:30:22,BTCUSDC,fixed_s,short,0.2000,0.2000,0.5000,0.3000,79101.7878,78897.6000,timeout,0.258,0.040,-0.00101,0.81,1,1,0.2191,0.4383,3.5494,1,
2026-09-01 14:30:34,UNIUSDC,fixed_s,short,0.2000,0.2000,0.5000,0.3000,5.7825,5.7999,stop,-0.300,0.040,-0.00002,0.02,1,0,-0.3400,-0.6800,103.5000,1,
2026-09-01 14:30:35,UNIUSDC,deep_s,short,0.2000,0.5000,0.6000,0.5000,5.7999,5.8289,stop,-0.500,0.040,-0.00002,0.02,1,0,-0.5400,-1.0800,4989.5000,1,
2026-09-01 14:31:40,UNIUSDC,adapt_s,short,0.7182,0.7182,2.3939,1.4962,5.8124,5.8994,stop,-1.496,0.040,-0.00002,0.02,1,1,-1.5362,-3.0724,12560.6667,1,
2026-09-01 14:34:19,ETHFIUSDC,mom15_l,long,0.5000,2.5000,2.0000,0.8000,0.0000,0.5601,expired,0.000,0.000,0.00000,2.00,0,0,0.0000,0.0000,0.0000,0,
2026-09-01 14:34:19,ETHFIUSDC,mom30_l,long,0.7000,3.0000,3.0000,1.0000,0.0000,0.5573,expired,0.000,0.000,0.00000,2.00,0,0,0.0000,0.0000,0.0000,0,
2026-09-01 14:35:13,HBARUSDC,fixed_s,short,0.2000,0.2000,0.5000,0.3000,0.0750,0.0748,timeout,0.280,0.040,-0.00051,0.82,1,1,0.2401,0.4801,141794.9091,1,
2026-09-01 14:36:15,LTCUSDC,fixed_s,short,0.2000,0.2000,0.5000,0.3000,49.0679,49.0400,timeout,0.057,0.040,-0.00102,0.82,1,1,0.0180,0.0359,3807.2820,1,
2026-09-01 14:37:22,SOLUSDC,deep_s,short,0.2000,0.5000,0.6000,0.5000,104.2386,103.8100,timeout,0.411,0.040,-0.00005,0.80,1,1,0.3712,0.7425,8733.0918,1,
2026-09-01 14:38:15,NEOUSDC,mom_s,short,0.3000,1.0000,0.8000,0.5000,2.0604,2.0550,timeout,0.262,0.040,-0.00100,0.80,1,1,0.2231,0.4462,5453.8725,0,
2026-09-01 14:38:38,ETHUSDC,adapt_s,short,0.1245,0.1245,0.4149,0.2593,2482.0354,2474.9600,timeout,0.285,0.040,-0.00099,0.80,1,1,0.2461,0.4921,71.0706,1,
2026-09-01 14:42:32,ETHUSDC,deep_s,short,0.2000,0.5000,0.6000,0.5000,2483.2846,2474.8400,timeout,0.340,0.040,-0.00101,0.81,1,1,0.3011,0.6021,70.8836,1,
2026-09-01 14:44:19,TRUMPUSDC,fixed_l,long,0.2000,0.2000,0.5000,0.3000,2.3942,2.3870,stop,-0.300,0.040,0.00025,0.40,1,1,-0.3403,-0.6805,46734.3042,1,
2026-09-01 14:45:21,NEARUSDC,deep_l,long,0.2000,0.5000,0.6000,0.5000,1.9532,1.9649,tp,0.600,0.000,0.00045,0.36,1,1,0.5995,1.1991,109421.5283,1,
2026-09-01 14:45:51,KAITOUSDC,fixed_l,long,0.2000,0.2000,0.5000,0.3000,0.3014,0.3005,stop,-0.300,0.040,-0.00083,0.66,1,1,-0.3392,-0.6783,5932.4333,1,
2026-09-01 14:45:51,KAITOUSDC,fixed_s,short,0.2000,0.2000,0.5000,0.3000,0.3019,0.3004,tp,0.500,0.000,0.00028,0.23,1,1,0.4997,0.9994,22883.5500,1,
2026-09-01 14:45:51,KAITOUSDC,adapt_l,long,0.1821,0.1821,0.6071,0.3795,0.3015,0.3004,stop,-0.379,0.040,-0.00083,0.66,1,1,-0.4186,-0.8373,2670.4500,1,
2026-09-01 14:48:06,BOMEUSDC,fixed_s,short,0.2000,0.2000,0.5000,0.3000,0.0009,0.0009,tp,0.500,0.000,-0.00007,0.11,1,1,0.5001,1.0001,18632837.1667,1,
2026-09-01 14:50:40,CRVUSDC,adapt_l,long,0.5589,0.5589,1.8629,1.1643,0.3520,0.3519,timeout,-0.035,0.040,0.00100,0.80,1,1,-0.0756,-0.1511,120000.1600,1,
2026-09-01 14:50:47,NEOUSDC,adapt_s,short,0.2163,0.2163,0.7211,0.4507,2.0594,2.0446,tp,0.721,0.000,-0.00056,0.45,1,1,0.7216,1.4433,350.5503,1,
2026-09-01 14:51:38,HBARUSDC,adapt_l,long,0.1579,0.1579,0.5263,0.3289,0.0749,0.0748,timeout,-0.029,0.040,0.00050,0.80,1,1,-0.0694,-0.1388,51698.0000,1,
2026-09-01 14:52:50,TIAUSDC,adapt_l,long,0.3073,0.3073,1.0244,0.6403,0.3398,0.3401,timeout,0.102,0.040,0.00006,0.81,1,1,0.0622,0.1244,18879.2000,1,
2026-09-01 14:53:04,TRUMPUSDC,deep_l,long,0.2000,0.5000,0.6000,0.5000,2.3870,2.3751,stop,-0.500,0.040,0.00010,0.16,1,1,-0.5401,-1.0802,45115.8878,1,
2026-09-01 14:53:05,TRUMPUSDC,mom_l,long,0.3000,1.0000,0.8000,0.5000,2.3889,2.3769,stop,-0.500,0.040,0.00013,0.21,1,1,-0.5401,-1.0803,45572.8496,0,
2026-09-01 14:54:14,TRUMPUSDC,fixed_l,long,0.2000,0.2000,0.5000,0.3000,2.3792,2.3721,stop,-0.300,0.040,0.00006,0.10,1,0,-0.3401,-0.6801,1842.6150,1,
2026-09-01 14:54:19,BIOUSDC,fixed_l,long,0.2000,0.2000,0.5000,0.3000,0.0265,0.0264,stop,-0.300,0.040,0.00032,0.51,1,1,-0.3403,-0.6806,307084.3433,1,
2026-09-01 14:54:30,KAITOUSDC,deep_l,long,0.2000,0.5000,0.6000,0.5000,0.3011,0.3003,timeout,-0.261,0.040,-0.00121,0.81,1,1,-0.3002,-0.6003,75001.5142,1,
2026-09-01 14:55:12,NEARUSDC,fixed_s,short,0.2000,0.2000,0.5000,0.3000,1.9649,1.9551,tp,0.500,0.000,-0.00021,0.17,1,1,0.5002,1.0004,12365.1333,1,
2026-09-01 14:55:40,BOMEUSDC,adapt_l,long,0.3084,0.3084,1.0281,0.6426,0.0009,0.0009,timeout,-0.223,0.040,0.00050,0.81,1,1,-0.2637,-0.5273,16799678.4167,1,
2026-09-01 14:56:54,TRUMPUSDC,adapt_l,long,0.3152,0.3152,1.0506,0.6566,2.3695,2.3539,stop,-0.657,0.040,0.00003,0.04,1,1,-0.6967,-1.3933,31849.8867,1,
2026-09-01 14:56:55,TRUMPUSDC,deep_l,long,0.2000,0.5000,0.6000,0.5000,2.3582,2.3464,stop,-0.500,0.040,0.00001,0.02,1,1,-0.5400,-1.0800,16616.4550,1,
2026-09-01 14:58:06,ORDIUSDC,adapt_l,long,0.2047,0.2047,0.6823,0.4265,3.9409,3.9241,stop,-0.426,0.040,0.00051,0.81,1,1,-0.4670,-0.9339,6487.9615,1,
2026-09-01 14:58:09,WLDUSDC,mom15_s,short,0.5000,2.5000,2.0000,0.8000,0.0000,0.3784,expired,0.000,0.000,0.00000,2.00,0,0,0.0000,0.0000,0.0000,0,
2026-09-01 14:59:19,BIOUSDC,adapt_l,long,0.1894,0.1894,0.6315,0.3947,0.0265,0.0264,stop,-0.395,0.040,0.00037,0.59,1,1,-0.4351,-0.8701,306850.0672,1,
2026-09-01 14:59:51,SOLUSDC,adapt_l,long,0.1454,0.1454,0.4848,0.3030,103.5891,103.2753,stop,-0.303,0.040,0.00000,0.12,1,1,-0.3430,-0.6860,6040.6672,1,
2026-09-01 15:00:07,NEARUSDC,mom_l,long,0.3000,1.0000,0.8000,0.5000,0.0000,1.9374,expired,0.000,0.000,0.00000,4.01,0,0,0.0000,0.0000,0.0000,0,
2026-09-01 15:00:28,ARBUSDC,mom1h_s,short,1.0000,3.5000,4.0000,1.2000,0.0000,0.1159,expired,0.000,0.000,0.00000,4.01,0,0,0.0000,0.0000,0.0000,0,0.4909
2026-09-01 15:02:52,FILUSDC,adapt_s,short,0.2304,0.2304,0.7679,0.4799,0.6943,0.6976,stop,-0.480,0.040,0.00039,0.57,1,1,-0.5203,-1.0406,49999.0000,1,
2026-09-01 15:03:16,ETHFIUSDC,mom_l,long,0.3000,1.0000,0.8000,0.5000,0.0000,0.5647,expired,0.000,0.000,0.00000,4.02,0,0,0.0000,0.0000,0.0000,0,
2026-09-01 15:04:32,BOMEUSDC,mom15_l,long,0.5000,2.5000,2.0000,0.8000,0.0000,0.0009,expired,0.000,0.000,0.00000,2.01,0,0,0.0000,0.0000,0.0000,0,
2026-09-01 15:05:11,ADAUSDC,fixed_l,long,0.2000,0.2000,0.5000,0.3000,0.0000,0.1994,expired,0.000,0.000,0.00000,4.02,0,0,0.0000,0.0000,0.0000,1,
2026-09-01 15:05:12,ADAUSDC,adapt_l,long,0.2087,0.2087,0.6956,0.4348,0.0000,0.1994,expired,0.000,0.000,0.00000,4.02,0,0,0.0000,0.0000,0.0000,1,
2026-09-01 15:05:12,ADAUSDC,deep_l,long,0.2000,0.5000,0.6000,0.5000,0.0000,0.1988,expired,0.000,0.000,0.00000,4.02,0,0,0.0000,0.0000,0.0000,1,
2026-09-01 15:05:21,NEARUSDC,adapt_l,long,0.3978,0.3978,1.3261,0.8288,0.0000,1.9432,expired,0.000,0.000,0.00000,4.02,0,0,0.0000,0.0000,0.0000,1,
2026-09-01 15:08:32,WLFIUSDC,adapt_l,long,0.1198,0.1198,0.3994,0.2496,0.0571,0.0570,timeout,-0.160,0.040,0.00051,0.82,1,1,-0.2007,-0.4013,302959.5114,1,
2026-09-01 15:08:59,XRPUSDC,fixed_l,long,0.2000,0.2000,0.5000,0.3000,1.3866,1.3852,timeout,-0.102,0.040,0.00103,0.82,1,1,-0.1435,-0.2870,177904.0083,1,
2026-09-01 15:09:22,FILUSDC,fixed_s,short,0.2000,0.2000,0.5000,0.3000,0.6971,0.6992,stop,-0.300,0.040,0.00014,0.21,1,1,-0.3401,-0.6803,78757.0652,1,
2026-09-01 15:09:43,CRVUSDC,fixed_l,long,0.2000,0.2000,0.5000,0.3000,0.3493,0.3481,expired,0.000,0.040,0.00003,4.05,0,0,0.0000,0.0000,17247.3250,1,
2026-09-01 15:09:52,WLFIUSDC,deep_l,long,0.2000,0.5000,0.6000,0.5000,0.0570,0.0570,timeout,0.046,0.040,0.00051,0.82,1,1,0.0059,0.0118,496510.2000,1,
2026-09-01 15:11:52,ORDIUSDC,deep_l,long,0.2000,0.5000,0.6000,0.5000,3.9322,3.9320,timeout,-0.006,0.040,0.00050,0.80,1,1,-0.0466,-0.0932,7410.0459,1,
2026-09-01 15:13:26,CRVUSDC,mom_l,long,0.3000,1.0000,0.8000,0.5000,0.0000,0.3484,expired,0.000,0.000,0.00000,4.01,1,1,0.0000,0.0000,0.0000,0,
2026-09-01 15:13:28,ETHFIUSDC,fixed_l,long,0.2000,0.2000,0.5000,0.3000,0.5684,0.5657,expired,0.000,0.040,0.00001,4.05,0,0,0.0000,0.0000,1333.9556,1,
2026-09-01 15:15:29,NEARUSDC,fixed_l,long,0.2000,0.2000,0.5000,0.3000,1.9551,1.9492,stop,-0.300,0.040,0.00042,0.34,1,1,-0.3404,-0.6808,12360.0000,1,
2026-09-01 15:16:35,UNIUSDC,mom_l,long,0.3000,1.0000,0.8000,0.5000,0.0000,5.1975,expired,0.000,0.000,0.00000,4.01,0,0,0.0000,0.0000,0.0000,0,
2026-09-01 15:16:45,FILUSDC,deep_s,short,0.2000,0.5000,0.6000,0.5000,0.6963,0.6974,timeout,-0.163,0.040,0.00055,0.81,1,1,-0.2037,-0.4074,97046.5558,1,
2026-09-01 15:18:13,CRVUSDC,fixed_l,long,0.2000,0.2000,0.5000,0.3000,0.3477,0.3494,tp,0.500,0.000,0.00010,0.08,1,1,0.4999,0.9998,9380.3500,1,
2026-09-01 15:19:09,SUIUSDC,fixed_s,short,0.2000,0.2000,0.5000,0.3000,0.7336,0.7314,timeout,0.295,0.040,-0.00084,0.81,1,1,0.2559,0.5117,37561.3667,1,
2026-09-01 15:19:12,TIAUSDC,mom_l,long,0.3000,1.0000,0.8000,0.5000,0.0000,0.3346,expired,0.000,0.000,0.00000,4.00,0,0,0.0000,0.0000,0.0000,0,
2026-09-01 15:19:27,ARBUSDC,fixed_s,short,0.2000,0.2000,0.5000,0.3000,0.1147,0.1149,expired,0.000,0.040,-0.00000,4.01,0,0,0.0000,0.0000,85564.7000,1,
2026-09-01 15:19:34,CRVUSDC,deep_l,long,0.2000,0.5000,0.6000,0.5000,0.3481,0.3501,tp,0.600,0.000,0.00013,0.10,1,1,0.5999,1.1997,109433.9397,1,
2026-09-01 15:20:23,NEARUSDC,mom15_l,long,0.5000,2.5000,2.0000,0.8000,0.0000,1.9207,expired,0.000,0.000,0.00000,2.01,0,0,0.0000,0.0000,0.0000,0,
2026-09-01 15:20:25,SUIUSDC,adapt_s,short,0.2358,0.2358,0.7860,0.4913,0.7338,0.7324,timeout,0.194,0.040,-0.00084,0.81,1,1,0.1552,0.3104,51142.5000,1,
2026-09-01 15:20:30,FILUSDC,mom_l,long,0.3000,1.0000,0.8000,0.5000,0.0000,0.6802,expired,0.000,0.000,0.00000,4.01,0,0,0.0000,0.0000,0.0000,0,
2026-09-01 15:20:31,HBARUSDC,mom_l,long,0.3000,1.0000,0.8000,0.5000,0.0000,0.0734,expired,0.000,0.000,0.00000,4.01,0,0,0.0000,0.0000,0.0000,0,
2026-09-01 15:20:36,ORDIUSDC,mom_l,long,0.3000,1.0000,0.8000,0.5000,0.0000,3.8907,expired,0.000,0.000,0.00000,4.01,0,0,0.0000,0.0000,0.0000,0,
2026-09-01 15:20:44,ARBUSDC,mom_s,short,0.3000,1.0000,0.8000,0.5000,0.1133,0.1150,expired,0.000,0.040,-0.00005,4.11,0,0,0.0000,0.0000,154118.4636,0,
2026-09-01 15:20:53,KAITOUSDC,adapt_s,short,0.1979,0.1979,0.6595,0.4122,0.3019,0.3006,timeout,0.429,0.040,0.00113,0.81,1,1,0.3882,0.7764,16583.8750,1,
2026-09-01 15:22:27,ETHUSDC,adapt_l,long,0.1070,0.1070,0.3568,0.2230,0.0000,2459.7442,expired,0.000,0.000,0.00000,4.00,0,0,0.0000,0.0000,0.0000,1,
2026-09-01 15:22:33,XRPUSDC,adapt_l,long,0.1454,0.1454,0.4846,0.3029,0.0000,1.3740,expired,0.000,0.000,0.00000,4.00,0,0,0.0000,0.0000,0.0000,1,
2026-09-01 15:22:41,LTCUSDC,adapt_l,long,0.1163,0.1163,0.3878,0.2423,0.0000,48.6533,expired,0.000,0.000,0.00000,4.00,0,0,0.0000,0.0000,0.0000,1,
2026-09-01 15:22:51,FILUSDC,fixed_l,long,0.2000,0.2000,0.5000,0.3000,0.0000,0.6842,expired,0.000,0.000,0.00000,4.00,0,0,0.0000,0.0000,0.0000,1,
2026-09-01 15:22:52,FILUSDC,deep_l,long,0.2000,0.5000,0.6000,0.5000,0.0000,0.6822,expired,0.000,0.000,0.00000,4.00,0,0,0.0000,0.0000,0.0000,1,
2026-09-01 15:22:52,HBARUSDC,fixed_l,long,0.2000,0.2000,0.5000,0.3000,0.0000,0.0738,expired,0.000,0.000,0.00000,4.00,0,0,0.0000,0.0000,0.0000,1,
2026-09-01 15:22:53,HBARUSDC,deep_l,long,0.2000,0.5000,0.6000,0.5000,0.0000,0.0736,expired,0.000,0.000,0.00000,4.00,0,0,0.0000,0.0000,0.0000,1,
2026-09-01 15:23:41,DOGEUSDC,adapt_s,short,0.1481,0.1481,0.4938,0.3086,0.0836,0.0836,timeout,0.028,0.040,-0.00077,0.81,1,1,-0.0109,-0.0217,422234.3333,1,
2026-09-01 15:23:47,AVAXUSDC,adapt_l,long,0.1367,0.1367,0.4558,0.2849,0.0000,7.2401,expired,0.000,0.000,0.00000,4.01,0,0,0.0000,0.0000,0.0000,1,
2026-09-01 15:23:47,AVAXUSDC,adapt_s,short,0.1564,0.1564,0.5214,0.3259,7.3024,7.3220,timeout,-0.268,0.040,-0.00102,0.81,1,1,-0.3073,-0.6147,1376.2286,1,
2026-09-01 15:24:03,WLDUSDC,adapt_l,long,0.2631,0.2631,0.8769,0.5481,0.0000,0.3646,expired,0.000,0.000,0.00000,4.01,0,0,0.0000,0.0000,0.0000,1,
2026-09-01 15:24:03,WLDUSDC,deep_l,long,0.2000,0.5000,0.6000,0.5000,0.0000,0.3638,expired,0.000,0.000,0.00000,4.01,0,0,0.0000,0.0000,0.0000,1,
2026-09-01 15:24:09,ARBUSDC,fixed_s,short,0.2000,0.2000,0.5000,0.3000,0.1130,0.1134,stop,-0.300,0.040,-0.00002,0.02,1,1,-0.3400,-0.6800,53867.3000,1,
2026-09-01 15:25:06,UNIUSDC,deep_l,long,0.2000,0.5000,0.6000,0.5000,0.0000,5.2287,expired,0.000,0.000,0.00000,4.02,0,0,0.0000,0.0000,0.0000,1,
2026-09-01 15:25:10,SUIUSDC,fixed_l,long,0.2000,0.2000,0.5000,0.3000,0.0000,0.7275,expired,0.000,0.000,0.00000,4.02,0,0,0.0000,0.0000,0.0000,1,
2026-09-01 15:25:10,SUIUSDC,adapt_l,long,0.2187,0.2187,0.7290,0.4556,0.0000,0.7274,expired,0.000,0.000,0.00000,4.02,0,0,0.0000,0.0000,0.0000,1,
2026-09-01 15:25:11,SUIUSDC,deep_l,long,0.2000,0.5000,0.6000,0.5000,0.0000,0.7254,expired,0.000,0.000,0.00000,4.02,0,0,0.0000,0.0000,0.0000,1,
2026-09-01 15:25:12,TIAUSDC,fixed_l,long,0.2000,0.2000,0.5000,0.3000,0.0000,0.3373,expired,0.000,0.000,0.00000,4.00,0,0,0.0000,0.0000,0.0000,1,
2026-09-01 15:25:13,TIAUSDC,deep_l,long,0.2000,0.5000,0.6000,0.5000,0.0000,0.3363,expired,0.000,0.000,0.00000,4.00,0,0,0.0000,0.0000,0.0000,1,
2026-09-01 15:26:45,ARBUSDC,deep_s,short,0.2000,0.5000,0.6000,0.5000,0.1150,0.1148,expired,0.000,0.000,-0.00004,4.14,0,0,0.0000,0.0000,135580.6500,1,
2026-09-01 15:28:58,WLDUSDC,mom_l,long,0.3000,1.0000,0.8000,0.5000,0.0000,0.3627,expired,0.000,0.000,0.00000,4.01,0,0,0.0000,0.0000,0.0000,1,
2026-09-01 15:32:46,SUIUSDC,mom_l,long,0.3000,1.0000,0.8000,0.5000,0.0000,0.7254,expired,0.000,0.000,0.00000,4.00,0,0,0.0000,0.0000,0.0000,0,
2026-09-01 15:32:55,WIFUSDC,mom_l,long,0.3000,1.0000,0.8000,0.5000,0.0000,0.1944,expired,0.000,0.000,0.00000,4.02,0,0,0.0000,0.0000,0.0000,0,
2026-09-01 15:33:05,ARBUSDC,fixed_s,short,0.2000,0.2000,0.5000,0.3000,0.1144,0.1138,tp,0.500,0.000,-0.00003,0.02,1,1,0.5000,1.0001,106534.8600,1,
2026-09-01 15:33:17,CRVUSDC,mom1h_l,long,1.0000,3.5000,4.0000,1.2000,0.0000,0.3444,expired,0.000,0.000,0.00000,4.00,0,0,0.0000,0.0000,0.0000,0,0.5209
2026-09-01 15:33:56,LINKUSDC,mom_l,long,0.3000,1.0000,0.8000,0.5000,0.0000,11.2969,expired,0.000,0.000,0.00000,4.00,0,0,0.0000,0.0000,0.0000,0,
2026-09-01 15:35:03,ETHUSDC,mom_l,long,0.3000,1.0000,0.8000,0.5000,0.0000,2448.6165,expired,0.000,0.000,0.00000,4.01,0,0,0.0000,0.0000,0.0000,0,
2026-09-01 15:35:04,SOLUSDC,mom_l,long,0.3000,1.0000,0.8000,0.5000,0.0000,102.7125,expired,0.000,0.000,0.00000,4.01,0,0,0.0000,0.0000,0.0000,0,
2026-09-01 15:35:08,XRPUSDC,mom_l,long,0.3000,1.0000,0.8000,0.5000,0.0000,1.3693,expired,0.000,0.000,0.00000,4.01,0,0,0.0000,0.0000,0.0000,0,
2026-09-01 15:35:21,TIAUSDC,fixed_s,short,0.2000,0.2000,0.5000,0.3000,0.3421,0.3404,tp,0.500,0.000,-0.00004,0.13,1,1,0.5000,1.0001,72467.6582,1,
2026-09-01 15:35:28,WIFUSDC,mom15_l,long,0.5000,2.5000,2.0000,0.8000,0.0000,0.1949,expired,0.000,0.000,0.00000,2.01,0,0,0.0000,0.0000,0.0000,0,
2026-09-01 15:35:40,BIOUSDC,mom_l,long,0.3000,1.0000,0.8000,0.5000,0.0000,0.0263,expired,0.000,0.000,0.00000,4.01,0,0,0.0000,0.0000,0.0000,0,
2026-09-01 15:36:19,SOLUSDC,fixed_l,long,0.2000,0.2000,0.5000,0.3000,103.4128,103.1025,stop,-0.300,0.040,0.00001,0.65,1,1,-0.3400,-0.6800,6428.0002,1,
2026-09-01 15:38:09,ORDIUSDC,fixed_s,short,0.2000,0.2000,0.5000,0.3000,3.9479,3.9281,tp,0.500,0.000,-0.00016,0.25,1,1,0.5002,1.0003,4441.8778,1,
2026-09-01 15:38:11,WLDUSDC,adapt_l,long,0.2446,0.2446,0.8154,0.5096,0.3702,0.3683,stop,-0.510,0.040,0.00006,0.06,1,1,-0.5497,-1.0994,21060.2600,1,
2026-09-01 15:38:14,TRUMPUSDC,deep_s,short,0.2000,0.5000,0.6000,0.5000,2.4110,2.4391,expired,0.000,0.040,-0.00017,4.31,0,0,0.0000,0.0000,24904.1036,1,
2026-09-01 15:38:16,ARBUSDC,adapt_s,short,1.1530,1.1530,3.8432,2.4020,0.0000,0.1150,expired,0.000,0.000,0.00000,4.00,0,0,0.0000,0.0000,0.0000,1,
2026-09-01 15:38:20,BOMEUSDC,fixed_l,long,0.2000,0.2000,0.5000,0.3000,0.0009,0.0009,stop,-0.300,0.040,0.00000,0.00,1,1,-0.3400,-0.6800,19865042.6957,1,
2026-09-01 15:38:25,ETHFIUSDC,fixed_l,long,0.2000,0.2000,0.5000,0.3000,0.5714,0.5696,stop,-0.300,0.040,0.00013,0.21,1,1,-0.3401,-0.6803,2303.7333,1,
2026-09-01 15:38:26,ETHFIUSDC,deep_s,short,0.2000,0.5000,0.6000,0.5000,0.5730,0.5695,tp,0.600,0.000,-0.00031,0.50,1,1,0.6003,1.2006,23152.4468,1,
2026-09-01 15:38:57,BNBUSDC,adapt_s,short,0.0814,0.0814,0.2714,0.1696,692.9982,695.4057,expired,0.000,0.040,0.00000,4.57,0,0,0.0000,0.0000,37.9533,1,
2026-09-01 15:39:01,LINKUSDC,deep_s,short,0.2000,0.5000,0.6000,0.5000,11.4078,11.5324,expired,0.000,0.040,-0.00008,4.11,0,0,0.0000,0.0000,6966.2790,1,
2026-09-01 15:39:10,NEARUSDC,fixed_l,long,0.2000,0.2000,0.5000,0.3000,1.9461,1.9403,stop,-0.300,0.040,0.00019,0.15,1,1,-0.3402,-0.6804,7924.0909,1,
2026-09-01 15:39:43,NEOUSDC,adapt_l,long,0.2047,0.2047,0.6825,0.4265,2.0438,2.0520,timeout,0.401,0.040,0.00102,0.82,1,1,0.3599,0.7197,2723.0656,1,
2026-09-01 15:40:10,SOLUSDC,adapt_l,long,0.1522,0.1522,0.5073,0.3171,103.0729,102.7461,stop,-0.317,0.040,-0.00000,0.04,1,1,-0.3571,-0.7142,5378.9805,1,
2026-09-01 15:40:22,LTCUSDC,deep_s,short,0.2000,0.5000,0.6000,0.5000,0.0000,49.2148,expired,0.000,0.000,0.00000,4.01,0,0,0.0000,0.0000,0.0000,1,
2026-09-01 15:40:25,UNIUSDC,mom15_l,long,0.5000,2.5000,2.0000,0.8000,0.0000,5.3372,expired,0.000,0.000,0.00000,2.01,0,0,0.0000,0.0000,0.0000,0,
2026-09-01 15:40:27,NEARUSDC,deep_l,long,0.2000,0.5000,0.6000,0.5000,1.9492,1.9395,stop,-0.500,0.040,0.00049,0.40,1,1,-0.5405,-1.0810,58265.9000,1,
2026-09-01 15:40:34,FILUSDC,mom_s,short,0.3000,1.0000,0.8000,0.5000,0.6990,0.6934,tp,0.800,0.000,0.00035,0.52,1,1,0.7996,1.5993,96134.5170,0,
2026-09-01 15:40:34,HBARUSDC,adapt_l,long,0.1535,0.1535,0.5116,0.3197,0.0745,0.0743,stop,-0.320,0.040,0.00001,0.02,1,1,-0.3598,-0.7195,113805.7778,1,
2026-09-01 15:41:47,UNIUSDC,adapt_l,long,0.7513,0.7513,2.5043,1.5652,5.6929,5.7680,timeout,1.319,0.040,0.00102,0.82,1,1,1.2781,2.5561,22463.4167,1,
2026-09-01 15:42:16,BOMEUSDC,fixed_l,long,0.2000,0.2000,0.5000,0.3000,0.0009,0.0009,stop,-0.300,0.040,0.00001,0.02,1,1,-0.3400,-0.6800,8812974.5000,1,
2026-09-01 15:42:57,LINKUSDC,mom15_l,long,0.5000,2.5000,2.0000,0.8000,0.0000,11.2115,expired,0.000,0.000,0.00000,2.01,0,0,0.0000,0.0000,0.0000,0,
2026-09-01 15:43:28,BIOUSDC,deep_l,long,0.2000,0.5000,0.6000,0.5000,0.0264,0.0263,timeout,-0.255,0.040,0.00051,0.82,1,1,-0.2954,-0.5907,467908.7233,1,
2026-09-01 15:44:16,UNIUSDC,mom1h_l,long,1.0000,3.5000,4.0000,1.2000,0.0000,5.2274,expired,0.000,0.000,0.00000,4.02,0,0,0.0000,0.0000,0.0000,0,0.4919
2026-09-01 15:45:27,UNIUSDC,mom30_l,long,0.7000,3.0000,3.0000,1.0000,0.0000,5.4136,expired,0.000,0.000,0.00000,2.01,0,0,0.0000,0.0000,0.0000,0,
2026-09-01 15:45:35,HBARUSDC,deep_l,long,0.2000,0.5000,0.6000,0.5000,0.0742,0.0746,tp,0.600,0.000,0.00005,0.08,1,1,0.5999,1.1999,345329.3333,1,
2026-09-01 15:47:42,DOGEUSDC,fixed_l,long,0.2000,0.2000,0.5000,0.3000,0.0000,0.0830,expired,0.000,0.000,0.00000,4.00,0,0,0.0000,0.0000,0.0000,1,
2026-09-01 15:47:42,DOGEUSDC,adapt_l,long,0.1432,0.1432,0.4772,0.2982,0.0000,0.0830,expired,0.000,0.000,0.00000,4.00,0,0,0.0000,0.0000,0.0000,1,
2026-09-01 15:47:42,DOGEUSDC,deep_l,long,0.2000,0.5000,0.6000,0.5000,0.0000,0.0827,expired,0.000,0.000,0.00000,4.00,0,0,0.0000,0.0000,0.0000,1,
2026-09-01 15:48:14,WLDUSDC,fixed_l,long,0.2000,0.2000,0.5000,0.3000,0.3649,0.3674,expired,0.000,0.000,0.00008,4.36,0,0,0.0000,0.0000,29620.7000,1,
2026-09-01 15:48:35,NEOUSDC,fixed_l,long,0.2000,0.2000,0.5000,0.3000,0.0000,2.0339,expired,0.000,0.000,0.00000,4.00,0,0,0.0000,0.0000,0.0000,1,
2026-09-01 15:48:36,NEOUSDC,deep_l,long,0.2000,0.5000,0.6000,0.5000,0.0000,2.0278,expired,0.000,0.000,0.00000,4.00,0,0,0.0000,0.0000,0.0000,1,
2026-09-01 15:49:29,TRUMPUSDC,mom_s,short,0.3000,1.0000,0.8000,0.5000,2.4311,2.4381,expired,0.000,0.000,-0.00011,4.21,0,0,0.0000,0.0000,47307.8825,0,
2026-09-01 15:50:17,LTCUSDC,fixed_l,long,0.2000,0.2000,0.5000,0.3000,48.8122,48.8800,timeout,0.139,0.040,0.00102,0.82,1,1,0.0979,0.1958,750.8504,1,
2026-09-01 15:50:21,NEARUSDC,mom30_l,long,0.7000,3.0000,3.0000,1.0000,0.0000,1.9216,expired,0.000,0.000,0.00000,2.02,0,0,0.0000,0.0000,0.0000,0,
2026-09-01 15:50:23,SUIUSDC,mom_s,short,0.3000,1.0000,0.8000,0.5000,0.0000,0.7401,expired,0.000,0.000,0.00000,4.01,0,0,0.0000,0.0000,0.0000,0,
2026-09-01 15:51:24,UNIUSDC,deep_l,long,0.2000,0.5000,0.6000,0.5000,5.7541,5.7886,tp,0.600,0.000,0.00007,0.06,1,1,0.5999,1.1999,14090.2000,1,
2026-09-01 15:55:36,CRVUSDC,fixed_l,long,0.2000,0.2000,0.5000,0.3000,0.3503,0.3520,tp,0.500,0.000,0.00053,0.42,1,1,0.4995,0.9989,12328.0667,1,
2026-09-01 15:56:17,AVAXUSDC,fixed_s,short,0.2000,0.2000,0.5000,0.3000,7.3056,7.3120,timeout,-0.088,0.040,-0.00099,0.81,1,1,-0.1269,-0.2537,4963.9952,1,
2026-09-01 15:59:13,KAITOUSDC,mom_l,long,0.3000,1.0000,0.8000,0.5000,0.0000,0.2999,expired,0.000,0.000,0.00000,4.00,0,0,0.0000,0.0000,0.0000,0,
2026-09-01 16:01:01,BNBUSDC,adapt_l,long,0.0896,0.0896,0.2987,0.1867,690.2809,690.7600,timeout,0.069,0.040,0.00025,0.81,1,1,0.0292,0.0583,64.4245,1,
2026-09-01 16:04:17,FILUSDC,fixed_l,long,0.2000,0.2000,0.5000,0.3000,0.6938,0.6917,stop,-0.300,0.040,-0.00026,0.42,1,1,-0.3397,-0.6795,41011.2333,1,
2026-09-01 16:05:19,XRPUSDC,deep_l,long,0.2000,0.5000,0.6000,0.5000,1.3825,1.3755,stop,-0.500,0.040,0.00076,0.61,1,1,-0.5408,-1.0815,190065.1529,1,
2026-09-01 16:05:35,SUIUSDC,fixed_l,long,0.2000,0.2000,0.5000,0.3000,0.7293,0.7272,stop,-0.300,0.040,0.00052,0.48,1,1,-0.3405,-0.6810,163150.5250,1,
2026-09-01 16:05:35,SUIUSDC,adapt_l,long,0.2236,0.2236,0.7453,0.4658,0.7292,0.7258,stop,-0.466,0.040,0.00049,0.46,1,1,-0.5063,-1.0127,179833.2778,1,
2026-09-01 16:06:38,ADAUSDC,fixed_l,long,0.2000,0.2000,0.5000,0.3000,0.1998,0.1992,stop,-0.300,0.040,0.00024,0.39,1,1,-0.3402,-0.6805,171869.2000,1,
2026-09-01 16:06:38,ADAUSDC,adapt_l,long,0.2201,0.2201,0.7338,0.4586,0.1998,0.1988,stop,-0.459,0.040,0.00024,0.39,1,1,-0.4989,-0.9977,174585.2400,1,
2026-09-01 16:06:41,AVAXUSDC,adapt_l,long,0.1463,0.1463,0.4878,0.3049,7.2933,7.2711,stop,-0.305,0.040,0.00052,0.44,1,1,-0.3454,-0.6908,3370.2967,1,
2026-09-01 16:06:49,NEARUSDC,mom_l,long,0.3000,1.0000,0.8000,0.5000,1.9424,1.9327,stop,-0.500,0.040,0.00058,0.46,1,1,-0.5406,-1.0812,65397.6333,1,
2026-09-01 16:06:51,SUIUSDC,deep_l,long,0.2000,0.5000,0.6000,0.5000,0.7271,0.7235,stop,-0.500,0.040,0.00002,0.02,1,1,-0.5400,-1.0800,237184.3063,1,
2026-09-01 16:06:51,TIAUSDC,fixed_l,long,0.2000,0.2000,0.5000,0.3000,0.3403,0.3393,stop,-0.300,0.040,0.00020,0.52,1,1,-0.3402,-0.6804,3704.5000,1,
2026-09-01 16:06:54,FILUSDC,adapt_l,long,0.2569,0.2569,0.8564,0.5352,0.6934,0.6897,stop,-0.535,0.040,-0.00027,0.44,1,1,-0.5750,-1.1499,48616.8400,1,
2026-09-01 16:06:57,WIFUSDC,fixed_l,long,0.2000,0.2000,0.5000,0.3000,0.1972,0.1966,stop,-0.300,0.040,0.00027,0.44,1,1,-0.3403,-0.6805,134925.0650,1,
2026-09-01 16:07:00,ORDIUSDC,adapt_s,short,0.2456,0.2456,0.8185,0.5116,3.9497,3.9173,tp,0.819,0.000,-0.00045,0.71,1,1,0.8190,1.6379,4890.3130,1,
2026-09-01 16:07:03,WLDUSDC,deep_l,long,0.2000,0.5000,0.6000,0.5000,0.3694,0.3676,stop,-0.500,0.040,0.00055,0.50,1,1,-0.5406,-1.0811,52274.8500,1,
2026-09-01 16:07:47,BTCUSDC,adapt_l,long,0.1104,0.1104,0.3680,0.2300,78555.1768,78374.4948,stop,-0.230,0.040,0.00063,0.50,1,1,-0.2706,-0.5413,4.3649,1,
2026-09-01 16:07:52,XRPUSDC,fixed_l,long,0.2000,0.2000,0.5000,0.3000,1.3762,1.3721,stop,-0.300,0.040,0.00058,0.46,1,1,-0.3406,-0.6812,229272.5000,1,
2026-09-01 16:08:19,WLDUSDC,fixed_l,long,0.2000,0.2000,0.5000,0.3000,0.3677,0.3666,stop,-0.300,0.040,0.00002,0.02,1,1,-0.3400,-0.6800,31847.5333,1,
2026-09-01 16:08:27,ARBUSDC,mom15_s,short,0.5000,2.5000,2.0000,0.8000,0.1139,0.1116,tp,2.000,0.000,-0.00092,0.74,1,1,2.0009,4.0018,188619.7648,0,
2026-09-01 16:08:34,ETHFIUSDC,fixed_l,long,0.2000,0.2000,0.5000,0.3000,0.5678,0.5661,stop,-0.300,0.040,0.00001,0.02,1,1,-0.3400,-0.6800,13362.4917,1,
2026-09-01 16:09:07,SOLUSDC,deep_l,long,0.2000,0.5000,0.6000,0.5000,103.1019,102.5864,stop,-0.500,0.040,-0.00003,0.55,1,1,-0.5400,-1.0799,6790.5947,1,
2026-09-01 16:09:11,XRPUSDC,adapt_l,long,0.1820,0.1820,0.6065,0.3791,1.3765,1.3713,stop,-0.379,0.040,0.00060,0.48,1,1,-0.4197,-0.8394,225420.4333,1,
2026-09-01 16:09:15,ADAUSDC,deep_l,long,0.2000,0.5000,0.6000,0.5000,0.1992,0.1982,stop,-0.500,0.040,0.00002,0.04,1,1,-0.5400,-1.0800,1040107.1920,1,
2026-09-01 16:09:16,ADAUSDC,mom_l,long,0.3000,1.0000,0.8000,0.5000,0.1995,0.1985,stop,-0.500,0.040,0.00002,0.04,1,1,-0.5400,-1.0800,2121648.8061,0,
2026-09-01 16:09:23,NEARUSDC,fixed_l,long,0.2000,0.2000,0.5000,0.3000,1.9321,1.9263,stop,-0.300,0.040,0.00005,0.04,1,1,-0.3401,-0.6801,25875.7778,1,
2026-09-01 16:09:25,NEARUSDC,mom_s,short,0.3000,1.0000,0.8000,0.5000,1.9725,2.0028,expired,0.000,0.040,-0.00006,4.31,0,0,0.0000,0.0000,136339.5000,0,
2026-09-01 16:09:27,TIAUSDC,adapt_l,long,0.2710,0.2710,0.9032,0.5645,0.3401,0.3382,stop,-0.564,0.040,0.00018,0.52,1,1,-0.6047,-1.2093,6309.6667,1,
2026-09-01 16:09:30,FILUSDC,deep_l,long,0.2000,0.5000,0.6000,0.5000,0.6917,0.6883,stop,-0.500,0.040,-0.00005,0.08,1,1,-0.5399,-1.0799,63856.4033,1,
2026-09-01 16:09:36,ORDIUSDC,mom15_s,short,0.5000,2.5000,2.0000,0.8000,0.0000,4.0416,expired,0.000,0.000,0.00000,2.02,0,0,0.0000,0.0000,0.0000,0,
2026-09-01 16:09:37,WLDUSDC,adapt_l,long,0.2578,0.2578,0.8594,0.5371,0.3672,0.3652,stop,-0.537,0.040,0.00005,0.04,1,1,-0.5771,-1.1543,82170.2542,1,
2026-09-01 16:09:42,TRUMPUSDC,mom15_s,short,0.5000,2.5000,2.0000,0.8000,0.0000,2.4713,expired,0.000,0.000,0.00000,2.02,0,0,0.0000,0.0000,0.0000,0,
2026-09-01 16:09:43,ARBUSDC,fixed_l,long,0.2000,0.2000,0.5000,0.3000,0.1092,0.1086,expired,0.000,0.040,0.00002,4.08,0,0,0.0000,0.0000,83519.4500,1,
2026-09-01 16:09:44,ARBUSDC,deep_l,long,0.2000,0.5000,0.6000,0.5000,0.1104,0.1082,expired,0.000,0.040,0.00002,4.10,0,0,0.0000,0.0000,159919.2059,1,
2026-09-01 16:09:50,BOMEUSDC,mom15_s,short,0.5000,2.5000,2.0000,0.8000,0.0000,0.0009,expired,0.000,0.000,0.00000,2.02,0,0,0.0000,0.0000,0.0000,0,
2026-09-01 16:10:00,KAITOUSDC,mom15_s,short,0.5000,2.5000,2.0000,0.8000,0.0000,0.3084,expired,0.000,0.000,0.00000,2.02,0,0,0.0000,0.0000,0.0000,0,
2026-09-01 16:10:05,WLFIUSDC,adapt_l,long,0.1105,0.1105,0.3682,0.2301,0.0570,0.0568,stop,-0.230,0.040,0.00030,0.48,1,1,-0.2705,-0.5409,25921.6250,1,
2026-09-01 16:10:44,LTCUSDC,adapt_l,long,0.1274,0.1274,0.4248,0.2655,48.7678,48.6383,stop,-0.265,0.040,0.00060,0.48,1,1,-0.3061,-0.6122,260.9137,1,
2026-09-01 16:10:54,TIAUSDC,deep_l,long,0.2000,0.5000,0.6000,0.5000,0.3393,0.3376,stop,-0.500,0.040,0.00002,0.07,1,1,-0.5400,-1.0800,28050.9333,1,
2026-09-01 16:11:04,ORDIUSDC,fixed_l,long,0.2000,0.2000,0.5000,0.3000,3.9152,3.9034,stop,-0.300,0.040,0.00004,0.07,1,1,-0.3400,-0.6801,5573.9596,1,
2026-09-01 16:11:16,BOMEUSDC,fixed_l,long,0.2000,0.2000,0.5000,0.3000,0.0009,0.0009,stop,-0.300,0.040,0.00004,0.07,1,1,-0.3400,-0.6801,16866251.4762,1,
2026-09-01 16:11:56,SOLUSDC,fixed_l,long,0.2000,0.2000,0.5000,0.3000,102.7541,102.4458,stop,-0.300,0.040,-0.00003,0.53,1,1,-0.3400,-0.6799,6707.1067,1,
2026-09-01 16:12:19,WIFUSDC,adapt_l,long,0.2702,0.2702,0.9008,0.5630,0.1969,0.1958,stop,-0.563,0.040,0.00008,0.13,1,1,-0.6031,-1.2061,191525.4864,1,
2026-09-01 16:12:19,WIFUSDC,deep_l,long,0.2000,0.5000,0.6000,0.5000,0.1966,0.1956,stop,-0.500,0.040,0.00006,0.09,1,1,-0.5401,-1.0801,227355.2376,1,
2026-09-01 16:12:21,ORDIUSDC,adapt_l,long,0.2363,0.2363,0.7878,0.4924,3.9167,3.8974,stop,-0.492,0.040,0.00006,0.09,1,1,-0.5324,-1.0649,2836.8250,1,
2026-09-01 16:12:21,ORDIUSDC,deep_l,long,0.2000,0.5000,0.6000,0.5000,3.9183,3.8987,stop,-0.500,0.040,0.00006,0.09,1,1,-0.5401,-1.0801,2708.9250,1,
2026-09-01 16:12:38,ETHFIUSDC,mom15_s,short,0.5000,2.5000,2.0000,0.8000,0.5815,0.5844,expired,0.000,0.000,-0.00018,2.32,0,0,0.0000,0.0000,25182.8827,0,
2026-09-01 16:13:20,UNIUSDC,deep_l,long,0.2000,0.5000,0.6000,0.5000,5.7819,5.8166,tp,0.600,0.000,0.00014,0.11,1,0,0.5999,1.1997,7188.5000,1,
2026-09-01 16:13:39,ARBUSDC,mom_l,long,0.3000,1.0000,0.8000,0.5000,0.1106,0.1089,expired,0.000,0.040,0.00002,4.17,0,0,0.0000,0.0000,150226.8556,0,
2026-09-01 16:13:44,CRVUSDC,adapt_s,short,0.5245,0.5245,1.7482,1.0926,0.3520,0.3528,timeout,-0.217,0.040,-0.00101,0.80,1,1,-0.2558,-0.5117,80530.7000,1,
2026-09-01 16:15:07,ETHFIUSDC,mom30_s,short,0.7000,3.0000,3.0000,1.0000,0.0000,0.5865,expired,0.000,0.000,0.00000,2.01,0,0,0.0000,0.0000,0.0000,0,
2026-09-01 16:16:27,ETHFIUSDC,deep_l,long,0.2000,0.5000,0.6000,0.5000,0.5654,0.5688,tp,0.600,0.000,0.00007,0.11,1,1,0.5999,1.1999,18911.0082,1,
2026-09-01 16:17:32,BIOUSDC,fixed_s,short,0.2000,0.2000,0.5000,0.3000,0.0265,0.0267,expired,0.000,0.040,-0.00003,4.74,0,0,0.0000,0.0000,158783.2000,1,
2026-09-01 16:17:33,BIOUSDC,adapt_s,short,0.1951,0.1951,0.6503,0.4065,0.0265,0.0267,expired,0.000,0.040,-0.00004,4.74,0,0,0.0000,0.0000,93418.4000,1,
2026-09-01 16:18:08,ETHUSDC,adapt_l,long,0.1154,0.1154,0.3848,0.2405,2465.4608,2459.5319,stop,-0.240,0.040,0.00062,0.63,1,1,-0.2811,-0.5622,73.1907,1,
2026-09-01 16:18:09,DOGEUSDC,adapt_l,long,0.1464,0.1464,0.4881,0.3051,0.0829,0.0827,stop,-0.305,0.040,0.00016,0.17,1,1,-0.3452,-0.6905,127058.5000,1,
2026-09-01 16:18:11,BNBUSDC,adapt_l,long,0.0822,0.0822,0.2739,0.1712,689.3330,688.1529,stop,-0.171,0.040,0.00005,0.17,1,1,-0.2113,-0.4225,43.0150,1,
2026-09-01 16:18:11,BNBUSDC,adapt_s,short,0.0817,0.0817,0.2722,0.1701,690.6235,688.7437,tp,0.272,0.000,-0.00013,0.47,1,1,0.2723,0.5446,31.0233,1,
2026-09-01 16:18:14,LINKUSDC,fixed_l,long,0.2000,0.2000,0.5000,0.3000,11.3912,11.3570,stop,-0.300,0.040,0.00022,0.17,1,1,-0.3402,-0.6804,7887.6890,1,
2026-09-01 16:18:28,TIAUSDC,mom_l,long,0.3000,1.0000,0.8000,0.5000,0.3386,0.3369,stop,-0.500,0.040,0.00006,0.15,1,1,-0.5401,-1.0801,49341.9697,1,
2026-09-01 16:18:29,FILUSDC,fixed_l,long,0.2000,0.2000,0.5000,0.3000,0.6878,0.6858,stop,-0.300,0.040,-0.00008,0.13,1,1,-0.3399,-0.6798,38633.9500,1,
2026-09-01 16:18:31,HBARUSDC,fixed_l,long,0.2000,0.2000,0.5000,0.3000,0.0744,0.0742,stop,-0.300,0.040,0.00013,0.63,1,1,-0.3401,-0.6803,167552.6667,1,
2026-09-01 16:18:33,WIFUSDC,fixed_l,long,0.2000,0.2000,0.5000,0.3000,0.1960,0.1954,stop,-0.300,0.040,0.00009,0.15,1,1,-0.3401,-0.6802,6875.9000,1,
2026-09-01 16:18:56,WLFIUSDC,adapt_s,short,0.1105,0.1105,0.3682,0.2301,0.0000,0.0575,expired,0.000,0.000,0.00000,4.01,0,0,0.0000,0.0000,0.0000,1,
2026-09-01 16:19:17,BTCUSDC,fixed_l,long,0.2000,0.2000,0.5000,0.3000,78395.4948,78160.3083,stop,-0.300,0.040,0.00024,0.19,1,1,-0.3402,-0.6805,5.4624,1,
2026-09-01 16:19:18,ETHUSDC,fixed_l,long,0.2000,0.2000,0.5000,0.3000,2463.3734,2455.9833,stop,-0.300,0.040,0.00019,0.19,1,1,-0.3402,-0.6804,86.9052,1,
2026-09-01 16:19:20,SOLUSDC,adapt_l,long,0.1587,0.1587,0.5291,0.3307,102.7167,102.3771,stop,-0.331,0.040,-0.00002,0.17,1,1,-0.3706,-0.7413,2397.4867,1,
2026-09-01 16:19:21,DOGEUSDC,fixed_l,long,0.2000,0.2000,0.5000,0.3000,0.0829,0.0826,stop,-0.300,0.040,0.00018,0.19,1,1,-0.3402,-0.6804,324507.5000,1,
2026-09-01 16:19:26,LINKUSDC,adapt_l,long,0.1880,0.1880,0.6265,0.3916,11.3925,11.3479,stop,-0.392,0.040,0.00024,0.19,1,1,-0.4318,-0.8636,7888.4816,1,
2026-09-01 16:19:27,ADAUSDC,fixed_l,long,0.2000,0.2000,0.5000,0.3000,0.1984,0.1978,stop,-0.300,0.040,0.00009,0.17,1,0,-0.3401,-0.6802,188441.5000,1,
2026-09-01 16:19:39,TIAUSDC,fixed_l,long,0.2000,0.2000,0.5000,0.3000,0.3370,0.3360,stop,-0.300,0.040,0.00001,0.02,1,1,-0.3400,-0.6800,19137.1250,1,
2026-09-01 16:19:40,TIAUSDC,adapt_s,short,0.2934,0.2934,0.9780,0.6112,0.3391,0.3424,expired,0.000,0.040,-0.00041,4.78,0,0,0.0000,0.0000,30654.5556,1,
2026-09-01 16:19:40,TIAUSDC,deep_s,short,0.2000,0.5000,0.6000,0.5000,0.3396,0.3431,expired,0.000,0.040,-0.00037,4.71,0,0,0.0000,0.0000,41430.4000,1,
2026-09-01 16:19:59,BIOUSDC,fixed_l,long,0.2000,0.2000,0.5000,0.3000,0.0263,0.0262,stop,-0.300,0.040,0.00013,0.21,1,1,-0.3401,-0.6803,416428.0417,1,
2026-09-01 16:22:15,UNIUSDC,deep_l,long,0.2000,0.5000,0.6000,0.5000,5.7700,5.7412,stop,-0.500,0.040,0.00006,0.05,1,1,-0.5401,-1.0801,3972.0000,1,
2026-09-01 16:24:53,WLDUSDC,fixed_l,long,0.2000,0.2000,0.5000,0.3000,0.3646,0.3635,stop,-0.300,0.040,0.00024,0.21,1,1,-0.3402,-0.6805,17340.6333,1,
2026-09-01 16:25:00,ARBUSDC,fixed_l,long,0.2000,0.2000,0.5000,0.3000,0.1114,0.1111,stop,-0.300,0.040,0.00002,0.02,1,1,-0.3400,-0.6800,112572.0000,1,
2026-09-01 16:25:08,CRVUSDC,fixed_l,long,0.2000,0.2000,0.5000,0.3000,0.3510,0.3499,stop,-0.300,0.040,0.00013,0.10,1,0,-0.3401,-0.6803,8767.8500,1,
2026-09-01 16:25:18,NEOUSDC,fixed_l,long,0.2000,0.2000,0.5000,0.3000,2.0379,2.0318,stop,-0.300,0.040,0.00029,0.23,1,1,-0.3403,-0.6806,469.7373,1,
2026-09-01 16:25:59,AVAXUSDC,fixed_l,long,0.2000,0.2000,0.5000,0.3000,7.2575,7.2357,stop,-0.300,0.040,0.00032,0.30,1,1,-0.3403,-0.6806,12637.5781,1,
2026-09-01 16:26:00,AVAXUSDC,adapt_s,short,0.1757,0.1757,0.5856,0.3660,7.2798,7.2371,tp,0.586,0.000,-0.00016,0.15,1,1,0.5857,1.1715,5307.3825,1,
2026-09-01 16:26:03,LTCUSDC,fixed_l,long,0.2000,0.2000,0.5000,0.3000,48.6226,48.4767,stop,-0.300,0.040,0.00032,0.25,1,1,-0.3403,-0.6806,991.9362,1,
2026-09-01 16:26:20,HBARUSDC,adapt_l,long,0.1693,0.1693,0.5644,0.3527,0.0741,0.0739,stop,-0.353,0.040,0.00001,0.13,1,1,-0.3927,-0.7855,160220.3000,1,
2026-09-01 16:26:28,WLDUSDC,deep_l,long,0.2000,0.5000,0.6000,0.5000,0.3643,0.3624,stop,-0.500,0.040,0.00031,0.28,1,1,-0.5403,-1.0806,70084.3000,1,
2026-09-01 16:26:30,TRUMPUSDC,fixed_l,long,0.2000,0.2000,0.5000,0.3000,2.3483,2.3412,stop,-0.300,0.040,0.00024,0.38,1,1,-0.3402,-0.6805,57242.7502,1,
2026-09-01 16:26:31,TRUMPUSDC,adapt_l,long,0.3283,0.3283,1.0943,0.6839,2.3473,2.3312,stop,-0.684,0.040,0.00024,0.38,1,1,-0.7241,-1.4483,62237.5387,1,
2026-09-01 16:26:31,TRUMPUSDC,deep_l,long,0.2000,0.5000,0.6000,0.5000,2.3472,2.3355,stop,-0.500,0.040,0.00024,0.38,1,1,-0.5402,-1.0805,62254.1604,1,
2026-09-01 16:26:36,BIOUSDC,adapt_l,long,0.1767,0.1767,0.5892,0.3682,0.0263,0.0262,stop,-0.368,0.040,0.00020,0.32,1,1,-0.4084,-0.8169,340045.8750,1,
2026-09-01 16:26:38,BOMEUSDC,adapt_l,long,0.2705,0.2705,0.9016,0.5635,0.0009,0.0009,stop,-0.563,0.040,0.00047,0.76,1,1,-0.6039,-1.2079,13223128.3333,1,
2026-09-01 16:26:48,NEOUSDC,adapt_l,long,0.2383,0.2383,0.7944,0.4965,2.0371,2.0270,stop,-0.496,0.040,0.00032,0.25,1,1,-0.5368,-1.0736,441.7000,1,
2026-09-01 16:27:11,BTCUSDC,adapt_l,long,0.1224,0.1224,0.4079,0.2549,78174.3279,77975.0467,stop,-0.255,0.040,0.00019,0.15,1,1,-0.2951,-0.5902,5.1179,1,
2026-09-01 16:27:17,XRPUSDC,fixed_l,long,0.2000,0.2000,0.5000,0.3000,1.3686,1.3645,stop,-0.300,0.040,0.00016,0.13,1,1,-0.3402,-0.6803,230590.4444,1,
2026-09-01 16:27:19,LINKUSDC,fixed_l,long,0.2000,0.2000,0.5000,0.3000,11.3313,11.2973,stop,-0.300,0.040,0.00006,0.05,1,1,-0.3401,-0.6801,4204.2400,1,
2026-09-01 16:27:20,LINKUSDC,deep_l,long,0.2000,0.5000,0.6000,0.5000,11.3569,11.3001,stop,-0.500,0.040,0.00019,0.15,1,1,-0.5402,-1.0804,7618.7090,1,
2026-09-01 16:27:22,ADAUSDC,adapt_l,long,0.2379,0.2379,0.7930,0.4956,0.1983,0.1973,stop,-0.496,0.040,0.00016,0.30,1,1,-0.5358,-1.0715,216758.2000,1,
2026-09-01 16:27:29,UNIUSDC,mom_l,long,0.3000,1.0000,0.8000,0.5000,5.7182,5.6896,stop,-0.500,0.040,0.00011,0.09,1,1,-0.5401,-1.0802,19761.1800,1,
2026-09-01 16:27:32,SUIUSDC,fixed_l,long,0.2000,0.2000,0.5000,0.3000,0.7223,0.7201,stop,-0.300,0.040,0.00026,0.26,1,1,-0.3403,-0.6805,81843.5000,1,
2026-09-01 16:27:32,SUIUSDC,adapt_l,long,0.2269,0.2269,0.7562,0.4726,0.7221,0.7186,stop,-0.473,0.040,0.00026,0.26,1,1,-0.5129,-1.0257,100853.0200,1,
2026-09-01 16:27:34,TIAUSDC,fixed_l,long,0.2000,0.2000,0.5000,0.3000,0.3354,0.3344,stop,-0.300,0.040,0.00001,0.02,1,0,-0.3400,-0.6800,3573.5000,1,
2026-09-01 16:28:01,ETHFIUSDC,mom_l,long,0.3000,1.0000,0.8000,0.5000,0.5669,0.5640,stop,-0.500,0.040,0.00022,0.34,1,1,-0.5402,-1.0804,19383.2423,1,
2026-09-01 16:28:06,NEOUSDC,mom15_l,long,0.5000,2.5000,2.0000,0.8000,0.0000,2.0134,expired,0.000,0.000,0.00000,2.02,0,0,0.0000,0.0000,0.0000,1,
2026-09-01 16:28:41,AVAXUSDC,adapt_l,long,0.1662,0.1662,0.5540,0.3463,7.2509,7.2258,stop,-0.346,0.040,0.00016,0.15,1,1,-0.3864,-0.7729,6904.9690,1,
2026-09-01 16:28:43,LTCUSDC,deep_l,long,0.2000,0.5000,0.6000,0.5000,48.6654,48.4221,stop,-0.500,0.040,0.00040,0.32,1,1,-0.5404,-1.0808,4390.2061,1,
2026-09-01 16:29:00,ORDIUSDC,fixed_l,long,0.2000,0.2000,0.5000,0.3000,3.8872,3.8755,stop,-0.300,0.040,0.00011,0.17,1,1,-0.3401,-0.6802,4497.6000,1,
2026-09-01 16:29:02,WLDUSDC,fixed_l,long,0.2000,0.2000,0.5000,0.3000,0.3612,0.3601,stop,-0.300,0.040,0.00005,0.05,1,1,-0.3401,-0.6801,46837.8000,1,
2026-09-01 16:29:03,WLDUSDC,adapt_l,long,0.2825,0.2825,0.9417,0.5886,0.3624,0.3602,stop,-0.589,0.040,0.00005,0.05,1,0,-0.6286,-1.2572,36841.9500,1,
2026-09-01 16:29:17,CRVUSDC,mom1h_s,short,1.0000,3.5000,4.0000,1.2000,0.0000,0.3664,expired,0.000,0.000,0.00000,4.02,0,0,0.0000,0.0000,0.0000,0,0.4561
2026-09-01 16:29:17,ETHFIUSDC,fixed_l,long,0.2000,0.2000,0.5000,0.3000,0.5643,0.5626,stop,-0.300,0.040,0.00001,0.02,1,1,-0.3400,-0.6800,13888.8200,1,
2026-09-01 16:29:18,ETHFIUSDC,adapt_l,long,0.4728,0.4728,1.5761,0.9851,0.5675,0.5619,stop,-0.985,0.040,0.00023,0.37,1,1,-1.0253,-2.0506,14053.4000,1,
2026-09-01 16:29:47,ETHUSDC,adapt_l,long,0.1320,0.1320,0.4401,0.2751,2453.1467,2446.3988,stop,-0.275,0.040,0.00004,0.04,1,1,-0.3151,-0.6302,114.8811,1,
2026-09-01 16:29:56,ADAUSDC,fixed_l,long,0.2000,0.2000,0.5000,0.3000,0.1976,0.1970,stop,-0.300,0.040,0.00002,0.04,1,1,-0.3400,-0.6800,140262.0333,1,
2026-09-01 16:30:15,HBARUSDC,fixed_l,long,0.2000,0.2000,0.5000,0.3000,0.0739,0.0737,stop,-0.300,0.040,-0.00000,0.07,1,1,-0.3400,-0.6800,229552.6667,1,
2026-09-01 16:30:27,ARBUSDC,fixed_l,long,0.2000,0.2000,0.5000,0.3000,0.1093,0.1098,tp,0.500,0.000,0.00000,0.00,1,1,0.5000,1.0000,116665.3000,1,
2026-09-01 16:30:27,ARBUSDC,deep_l,long,0.2000,0.5000,0.6000,0.5000,0.1111,0.1105,stop,-0.500,0.040,0.00011,0.09,1,1,-0.5401,-1.0802,175956.0833,1,
2026-09-01 16:30:28,ARBUSDC,mom_l,long,0.3000,1.0000,0.8000,0.5000,0.1108,0.1103,stop,-0.500,0.040,0.00008,0.07,1,1,-0.5401,-1.0802,163884.3500,1,
2026-09-01 16:30:29,ARBUSDC,mom15_l,long,0.5000,2.5000,2.0000,0.8000,0.1107,0.1098,stop,-0.800,0.040,0.00040,0.32,1,1,-0.8404,-1.6808,158268.6564,1,
2026-09-01 16:30:29,ARBUSDC,mom30_s,short,0.7000,3.0000,3.0000,1.0000,0.1136,0.1102,tp,3.000,0.000,-0.00138,1.10,1,1,3.0014,6.0028,180173.8057,0,
2026-09-01 16:30:38,CRVUSDC,mom30_s,short,0.7000,3.0000,3.0000,1.0000,0.0000,0.3615,expired,0.000,0.000,0.00000,2.01,0,0,0.0000,0.0000,0.0000,0,
2026-09-01 16:30:39,ETHFIUSDC,deep_l,long,0.2000,0.5000,0.6000,0.5000,0.5626,0.5598,stop,-0.500,0.040,0.00001,0.02,1,1,-0.5400,-1.0800,7067.6667,1,
2026-09-01 16:30:47,WLFIUSDC,mom_s,short,0.3000,1.0000,0.8000,0.5000,0.0000,0.0578,expired,0.000,0.000,0.00000,4.02,0,0,0.0000,0.0000,0.0000,0,
2026-09-01 16:31:15,BNBUSDC,adapt_l,long,0.0895,0.0895,0.2983,0.1865,687.6440,686.3619,stop,-0.186,0.040,0.00002,0.09,1,1,-0.2265,-0.4529,60.4450,1,
2026-09-01 16:31:28,UNIUSDC,deep_l,long,0.2000,0.5000,0.6000,0.5000,5.6864,5.6580,stop,-0.500,0.040,0.00008,0.07,1,1,-0.5401,-1.0802,17547.2500,1,
2026-09-01 16:31:56,NEOUSDC,deep_l,long,0.2000,0.5000,0.6000,0.5000,2.0318,2.0216,stop,-0.500,0.040,0.00014,0.11,1,1,-0.5401,-1.0803,1072.9659,1,
2026-09-01 16:32:31,LTCUSDC,adapt_l,long,0.1416,0.1416,0.4720,0.2950,48.4813,48.3382,stop,-0.295,0.040,0.00014,0.11,1,1,-0.3351,-0.6703,1324.0628,1,
2026-09-01 16:32:57,KAITOUSDC,adapt_l,long,0.1969,0.1969,0.6564,0.4103,0.2996,0.2984,stop,-0.410,0.040,-0.00020,0.24,1,1,-0.4500,-0.9001,47789.0743,1,
2026-09-01 16:33:22,ETHUSDC,deep_l,long,0.2000,0.5000,0.6000,0.5000,2455.9684,2443.6886,stop,-0.500,0.040,0.00020,0.23,1,1,-0.5402,-1.0804,101.9454,1,
2026-09-01 16:33:44,WIFUSDC,fixed_l,long,0.2000,0.2000,0.5000,0.3000,0.1947,0.1941,stop,-0.300,0.040,0.00005,0.08,1,1,-0.3401,-0.6801,13611.6333,1,
2026-09-01 16:34:44,FILUSDC,fixed_l,long,0.2000,0.2000,0.5000,0.3000,0.6863,0.6898,tp,0.500,0.000,-0.00005,0.08,1,1,0.5000,1.0001,70991.4667,1,
2026-09-01 16:34:57,BOMEUSDC,fixed_l,long,0.2000,0.2000,0.5000,0.3000,0.0009,0.0009,tp,0.500,0.000,0.00006,0.10,1,1,0.4999,0.9999,8730774.6667,1,
2026-09-01 16:36:53,UNIUSDC,mom15_s,short,0.5000,2.5000,2.0000,0.8000,5.5104,5.8999,expired,0.000,0.040,-0.00011,2.99,0,0,0.0000,0.0000,29980.1771,0,
2026-09-01 16:36:59,TIAUSDC,fixed_l,long,0.2000,0.2000,0.5000,0.3000,0.3338,0.3355,tp,0.500,0.000,0.00005,0.11,1,1,0.5000,0.9999,3399.5000,1,
2026-09-01 16:37:00,TIAUSDC,deep_l,long,0.2000,0.5000,0.6000,0.5000,0.3338,0.3358,tp,0.600,0.000,0.00005,0.11,1,1,0.6000,1.1999,50042.3000,1,
2026-09-01 16:37:11,WLDUSDC,deep_l,long,0.2000,0.5000,0.6000,0.5000,0.3598,0.3620,tp,0.600,0.000,0.00015,0.14,1,1,0.5999,1.1997,77322.1500,1,
2026-09-01 16:37:47,SOLUSDC,fixed_l,long,0.2000,0.2000,0.5000,0.3000,101.9357,102.4454,tp,0.500,0.000,-0.00002,0.07,1,1,0.5000,1.0000,6848.1433,1,
2026-09-01 16:37:49,DOGEUSDC,fixed_l,long,0.2000,0.2000,0.5000,0.3000,0.0824,0.0828,tp,0.500,0.000,0.00017,0.18,1,1,0.4998,0.9997,1181632.6667,1,
2026-09-01 16:37:52,XRPUSDC,fixed_l,long,0.2000,0.2000,0.5000,0.3000,1.3609,1.3677,tp,0.500,0.000,0.00009,0.07,1,1,0.4999,0.9998,146577.8200,1,
2026-09-01 16:40:23,ORDIUSDC,mom_s,short,0.3000,1.0000,0.8000,0.5000,0.0000,3.9986,expired,0.000,0.000,0.00000,4.01,0,0,0.0000,0.0000,0.0000,0,
2026-09-01 16:41:32,TRUMPUSDC,mom_l,long,0.3000,1.0000,0.8000,0.5000,2.3394,2.3277,stop,-0.500,0.040,0.00014,0.26,1,1,-0.5401,-1.0803,66449.6399,1,
2026-09-01 16:41:34,ARBUSDC,fixed_l,long,0.2000,0.2000,0.5000,0.3000,0.1100,0.1097,stop,-0.300,0.040,0.00002,0.02,1,1,-0.3400,-0.6800,62500.3500,1,
2026-09-01 16:41:36,ARBUSDC,mom30_l,long,0.7000,3.0000,3.0000,1.0000,0.1101,0.1090,stop,-1.000,0.040,0.00023,0.19,1,1,-1.0402,-2.0805,155088.9722,1,
2026-09-01 16:41:46,KAITOUSDC,fixed_l,long,0.2000,0.2000,0.5000,0.3000,0.2988,0.2979,stop,-0.300,0.040,-0.00019,0.23,1,1,-0.3398,-0.6796,12382.0500,1,
2026-09-01 16:41:49,NEOUSDC,mom_l,long,0.3000,1.0000,0.8000,0.5000,2.0285,2.0184,stop,-0.500,0.040,0.00032,0.26,1,1,-0.5403,-1.0806,9946.7073,0,
2026-09-01 16:42:31,UNIUSDC,mom30_s,short,0.7000,3.0000,3.0000,1.0000,0.0000,5.9091,expired,0.000,0.000,0.00000,2.02,0,0,0.0000,0.0000,0.0000,0,
2026-09-01 16:42:53,ARBUSDC,deep_l,long,0.2000,0.5000,0.6000,0.5000,0.1097,0.1091,stop,-0.500,0.040,0.00002,0.02,1,1,-0.5400,-1.0800,45215.3000,1,
2026-09-01 16:42:53,ARBUSDC,mom_l,long,0.3000,1.0000,0.8000,0.5000,0.1096,0.1091,stop,-0.500,0.040,0.00002,0.02,1,1,-0.5400,-1.0800,78420.2100,1,
2026-09-01 16:42:53,ARBUSDC,mom15_l,long,0.5000,2.5000,2.0000,0.8000,0.1080,0.1072,stop,-0.800,0.040,0.00002,0.02,1,1,-0.8400,-1.6800,115865.6167,1,
2026-09-01 16:42:54,ARBUSDC,mom1h_l,long,1.0000,3.5000,4.0000,1.2000,0.1088,0.1075,stop,-1.200,0.040,0.00002,0.02,1,1,-1.2400,-2.4800,146535.7139,1,0.5237
2026-09-01 16:45:06,TRUMPUSDC,fixed_l,long,0.2000,0.2000,0.5000,0.3000,2.3273,2.3390,tp,0.500,0.000,0.00003,0.06,1,1,0.5000,0.9999,10595.6775,1,
2026-09-01 16:46:04,TIAUSDC,fixed_l,long,0.2000,0.2000,0.5000,0.3000,0.3333,0.3350,tp,0.500,0.000,0.00002,0.06,1,0,0.5000,1.0000,6020.0000,1,
2026-09-01 16:46:13,ORDIUSDC,deep_l,long,0.2000,0.5000,0.6000,0.5000,3.8715,3.8948,tp,0.600,0.000,0.00018,0.29,1,1,0.5998,1.1996,6720.6778,1,
2026-09-01 16:46:53,SOLUSDC,deep_l,long,0.2000,0.5000,0.6000,0.5000,101.6293,102.2391,tp,0.600,0.000,-0.00002,0.08,1,1,0.6000,1.2000,8957.6493,1,
2026-09-01 16:47:36,ETHFIUSDC,fixed_l,long,0.2000,0.2000,0.5000,0.3000,0.5623,0.5651,tp,0.500,0.000,0.00005,0.08,1,1,0.5000,0.9999,12937.4000,1,
2026-09-01 16:47:39,KAITOUSDC,deep_l,long,0.2000,0.5000,0.6000,0.5000,0.2979,0.2997,tp,0.600,0.000,-0.00007,0.10,1,1,0.6001,1.2001,37540.1357,1,
2026-09-01 16:48:25,NEARUSDC,fixed_l,long,0.2000,0.2000,0.5000,0.3000,1.9241,1.9338,tp,0.500,0.000,0.00012,0.10,1,1,0.4999,0.9998,8141.7500,1,
2026-09-01 16:48:32,FILUSDC,adapt_l,long,0.2783,0.2783,0.9275,0.5797,0.6875,0.6939,tp,0.928,0.000,-0.00024,0.50,1,1,0.9278,1.8555,59912.7333,1,
2026-09-01 16:48:33,FILUSDC,mom_l,long,0.3000,1.0000,0.8000,0.5000,0.6884,0.6940,tp,0.800,0.000,-0.00031,0.65,1,1,0.8003,1.6006,73678.1043,1,
2026-09-01 16:48:47,BIOUSDC,fixed_l,long,0.2000,0.2000,0.5000,0.3000,0.0261,0.0262,tp,0.500,0.000,0.00015,0.25,1,1,0.4998,0.9997,57346.5000,1,
2026-09-01 16:50:41,AVAXUSDC,fixed_l,long,0.2000,0.2000,0.5000,0.3000,7.2165,7.1949,stop,-0.300,0.040,0.00031,0.35,1,1,-0.3403,-0.6806,3790.3067,1,
2026-09-01 16:50:42,AVAXUSDC,adapt_s,short,0.1916,0.1916,0.6388,0.3993,7.2499,7.2036,tp,0.639,0.000,-0.00021,0.23,1,1,0.6390,1.2781,3543.0400,1,
2026-09-01 16:50:42,AVAXUSDC,deep_l,long,0.2000,0.5000,0.6000,0.5000,7.2356,7.1995,stop,-0.500,0.040,0.00037,0.41,1,1,-0.5404,-1.0807,12713.4595,1,
2026-09-01 16:51:04,ARBUSDC,fixed_l,long,0.2000,0.2000,0.5000,0.3000,0.1070,0.1067,stop,-0.300,0.040,0.00002,0.02,1,1,-0.3400,-0.6800,79290.1571,1,
2026-09-01 16:51:05,ARBUSDC,deep_l,long,0.2000,0.5000,0.6000,0.5000,0.1074,0.1069,stop,-0.500,0.040,0.00002,0.02,1,1,-0.5400,-1.0800,71052.8167,1,
2026-09-01 16:51:06,ARBUSDC,mom_l,long,0.3000,1.0000,0.8000,0.5000,0.1071,0.1066,stop,-0.500,0.040,0.00002,0.02,1,1,-0.5400,-1.0800,100260.1750,1,
2026-09-01 16:51:39,BTCUSDC,deep_l,long,0.2000,0.5000,0.6000,0.5000,78159.8370,77769.0378,stop,-0.500,0.040,0.00067,0.54,1,1,-0.5407,-1.0813,5.2923,1,
2026-09-01 16:52:51,DOGEUSDC,fixed_s,short,0.2000,0.2000,0.5000,0.3000,0.0827,0.0823,tp,0.500,0.000,-0.00026,0.25,1,1,0.5003,1.0005,721916.5000,1,
2026-09-01 16:53:04,UNIUSDC,deep_l,long,0.2000,0.5000,0.6000,0.5000,5.6884,5.6600,stop,-0.500,0.040,0.00005,0.04,1,1,-0.5400,-1.0801,11726.7273,1,
2026-09-01 16:54:47,CRVUSDC,deep_l,long,0.2000,0.5000,0.6000,0.5000,0.3492,0.3513,tp,0.600,0.000,0.00059,0.47,1,1,0.5994,1.1988,75717.0021,1,
2026-09-01 16:56:01,TRUMPUSDC,mom30_s,short,0.7000,3.0000,3.0000,1.0000,0.0000,2.4349,expired,0.000,0.000,0.00000,2.01,0,0,0.0000,0.0000,0.0000,1,
2026-09-01 16:56:02,ARBUSDC,fixed_l,long,0.2000,0.2000,0.5000,0.3000,0.1065,0.1070,tp,0.500,0.000,0.00008,0.06,1,1,0.4999,0.9998,9617.9000,1,
2026-09-01 16:56:17,NEOUSDC,mom30_s,short,0.7000,3.0000,3.0000,1.0000,0.0000,2.1053,expired,0.000,0.000,0.00000,2.01,0,0,0.0000,0.0000,0.0000,1,
2026-09-01 16:57:59,ADAUSDC,mom15_s,short,0.5000,2.5000,2.0000,0.8000,0.0000,0.2053,expired,0.000,0.000,0.00000,2.00,0,0,0.0000,0.0000,0.0000,1,
2026-09-01 16:58:06,NEARUSDC,adapt_l,long,0.3625,0.3625,1.2082,0.7551,1.9230,1.9290,timeout,0.312,0.040,0.00102,0.81,1,1,0.2708,0.5415,22064.0000,1,
2026-09-01 16:58:06,NEARUSDC,deep_l,long,0.2000,0.5000,0.6000,0.5000,1.9263,1.9290,timeout,0.139,0.040,0.00102,0.81,1,1,0.0981,0.1962,68145.2500,1,
2026-09-01 16:58:37,WLFIUSDC,adapt_l,long,0.1071,0.1071,0.3570,0.2231,0.0568,0.0567,stop,-0.223,0.040,0.00047,0.75,1,1,-0.2636,-0.5272,1035.0000,1,
2026-09-01 16:59:02,DOGEUSDC,adapt_l,long,0.1647,0.1647,0.5489,0.3431,0.0825,0.0822,stop,-0.343,0.040,0.00061,0.55,1,1,-0.3837,-0.7674,1222520.0000,1,
2026-09-01 16:59:02,DOGEUSDC,deep_l,long,0.2000,0.5000,0.6000,0.5000,0.0826,0.0822,stop,-0.500,0.040,0.00072,0.66,1,1,-0.5407,-1.0814,1541810.5455,1,
2026-09-01 16:59:39,BOMEUSDC,deep_l,long,0.2000,0.5000,0.6000,0.5000,0.0009,0.0009,timeout,0.040,0.040,0.00051,0.81,1,1,-0.0001,-0.0001,21483046.0500,1,
2026-09-01 16:59:39,BOMEUSDC,mom_l,long,0.3000,1.0000,0.8000,0.5000,0.0009,0.0009,timeout,0.005,0.040,0.00051,0.81,1,1,-0.0351,-0.0702,21232164.9423,0,
2026-09-01 17:00:52,ARBUSDC,fixed_l,long,0.2000,0.2000,0.5000,0.3000,0.1065,0.1070,tp,0.500,0.000,0.00005,0.04,1,1,0.5000,0.9999,87571.7000,1,
2026-09-01 17:01:30,DOGEUSDC,adapt_s,short,0.1711,0.1711,0.5705,0.3565,0.0827,0.0822,tp,0.570,0.000,-0.00044,0.39,1,1,0.5709,1.1418,548303.7500,1,
2026-09-01 17:01:46,SUIUSDC,fixed_s,short,0.2000,0.2000,0.5000,0.3000,0.7221,0.7185,tp,0.500,0.000,-0.00041,0.41,1,1,0.5004,1.0008,29985.5333,1,
2026-09-01 17:01:56,WIFUSDC,deep_l,long,0.2000,0.5000,0.6000,0.5000,0.1944,0.1935,stop,-0.500,0.040,0.00033,0.53,1,1,-0.5403,-1.0807,197002.5300,1,
2026-09-01 17:02:57,SUIUSDC,adapt_s,short,0.2418,0.2418,0.8059,0.5037,0.7224,0.7166,tp,0.806,0.000,-0.00043,0.43,1,1,0.8063,1.6127,42148.1667,1,
2026-09-01 17:03:01,FILUSDC,fixed_l,long,0.2000,0.2000,0.5000,0.3000,0.6910,0.6889,stop,-0.300,0.040,-0.00001,0.02,1,1,-0.3400,-0.6800,20230.2000,1,
2026-09-01 17:03:03,HBARUSDC,fixed_s,short,0.2000,0.2000,0.5000,0.3000,0.0741,0.0737,tp,0.500,0.000,0.00012,0.24,1,1,0.4999,0.9998,398301.1538,1,
2026-09-01 17:03:06,WIFUSDC,mom_l,long,0.3000,1.0000,0.8000,0.5000,0.1948,0.1939,stop,-0.500,0.040,0.00036,0.57,1,1,-0.5404,-1.0807,188217.4286,1,
2026-09-01 17:03:57,ADAUSDC,deep_l,long,0.2000,0.5000,0.6000,0.5000,0.1970,0.1960,stop,-0.500,0.040,0.00029,0.57,1,1,-0.5403,-1.0806,1115833.5667,1,
2026-09-01 17:04:00,LTCUSDC,mom_l,long,0.3000,1.0000,0.8000,0.5000,48.5001,48.2576,stop,-0.500,0.040,0.00079,0.63,1,1,-0.5408,-1.0816,4584.2024,0,
2026-09-01 17:04:06,SUIUSDC,deep_l,long,0.2000,0.5000,0.6000,0.5000,0.7202,0.7166,stop,-0.500,0.040,0.00061,0.63,1,1,-0.5406,-1.0812,279360.8333,1,
2026-09-01 17:04:17,ORDIUSDC,adapt_s,short,0.2553,0.2553,0.8511,0.5319,3.8959,3.8628,tp,0.851,0.000,-0.00019,0.30,1,1,0.8513,1.7025,4171.4636,1,
2026-09-01 17:06:41,ORDIUSDC,fixed_l,long,0.2000,0.2000,0.5000,0.3000,3.8712,3.8596,stop,-0.300,0.040,0.00004,0.06,1,1,-0.3400,-0.6801,1383.5000,1,
2026-09-01 17:06:41,ORDIUSDC,adapt_l,long,0.2499,0.2499,0.8331,0.5207,3.8673,3.8472,stop,-0.521,0.040,0.00002,0.04,1,1,-0.5607,-1.1215,6020.8226,1,
2026-09-01 17:06:50,BIOUSDC,adapt_l,long,0.1809,0.1809,0.6030,0.3769,0.0261,0.0260,stop,-0.377,0.040,0.00038,0.61,1,1,-0.4173,-0.8345,52019.0000,1,
2026-09-01 17:06:50,BIOUSDC,deep_l,long,0.2000,0.5000,0.6000,0.5000,0.0261,0.0260,stop,-0.500,0.040,0.00038,0.61,1,1,-0.5404,-1.0808,516951.5789,1,
2026-09-01 17:08:45,UNIUSDC,deep_l,long,0.2000,0.5000,0.6000,0.5000,5.6655,5.6995,tp,0.600,0.000,0.00012,0.10,1,1,0.5999,1.1998,13575.0000,1,
2026-09-01 17:11:02,UNIUSDC,adapt_l,long,0.7589,0.7589,2.5295,1.5810,5.7312,5.6920,timeout,-0.684,0.040,0.00102,0.81,1,1,-0.7246,-1.4491,18221.5385,1,
2026-09-01 17:12:39,TRUMPUSDC,mom15_l,long,0.5000,2.5000,2.0000,0.8000,0.0000,2.3088,expired,0.000,0.000,0.00000,2.01,0,0,0.0000,0.0000,0.0000,1,
2026-09-01 17:13:46,WLDUSDC,mom_s,short,0.3000,1.0000,0.8000,0.5000,0.3691,0.3749,expired,0.000,0.040,-0.00097,5.60,0,0,0.0000,0.0000,65655.5187,0,
2026-09-01 17:14:28,BNBUSDC,fixed_l,long,0.2000,0.2000,0.5000,0.3000,687.7517,686.5600,timeout,-0.173,0.040,0.00018,0.81,1,1,-0.2135,-0.4269,47.4386,1,
2026-09-01 17:14:30,XRPUSDC,deep_l,long,0.2000,0.5000,0.6000,0.5000,1.3660,1.3625,timeout,-0.259,0.040,0.00101,0.81,1,1,-0.2998,-0.5997,223503.4067,1,
2026-09-01 17:14:45,TIAUSDC,adapt_l,long,0.2979,0.2979,0.9932,0.6207,0.3345,0.3336,timeout,-0.269,0.040,-0.00019,0.81,1,1,-0.3090,-0.6180,60920.4286,1,
2026-09-01 17:14:50,HBARUSDC,deep_l,long,0.2000,0.5000,0.6000,0.5000,0.0739,0.0737,timeout,-0.269,0.040,-0.00053,0.81,1,1,-0.3083,-0.6166,297575.0625,1,
2026-09-01 17:15:01,ARBUSDC,mom15_l,long,0.5000,2.5000,2.0000,0.8000,0.1059,0.1081,tp,2.000,0.000,0.00047,0.38,1,1,1.9995,3.9991,90045.7400,1,
2026-09-01 17:15:12,NEOUSDC,fixed_l,long,0.2000,0.2000,0.5000,0.3000,2.0200,2.0139,stop,-0.300,0.040,0.00070,0.56,1,1,-0.3407,-0.6814,1089.7583,1,
2026-09-01 17:15:40,XRPUSDC,adapt_l,long,0.1979,0.1979,0.6596,0.4123,1.3646,1.3619,timeout,-0.197,0.040,0.00101,0.81,1,1,-0.2385,-0.4769,167040.6333,1,
2026-09-01 17:15:41,LINKUSDC,adapt_l,long,0.2086,0.2086,0.6953,0.4345,11.3054,11.3120,timeout,0.059,0.040,0.00101,0.81,1,1,0.0176,0.0353,1273.0667,1,
2026-09-01 17:17:02,NEARUSDC,fixed_l,long,0.2000,0.2000,0.5000,0.3000,1.9172,1.9114,stop,-0.300,0.040,0.00005,0.04,1,1,-0.3400,-0.6801,10015.0000,1,
2026-09-01 17:17:18,TRUMPUSDC,fixed_l,long,0.2000,0.2000,0.5000,0.3000,2.3303,2.3420,tp,0.500,0.000,0.00008,0.34,1,1,0.4999,0.9998,14955.3600,1,
2026-09-01 17:17:29,ETHFIUSDC,fixed_l,long,0.2000,0.2000,0.5000,0.3000,0.5617,0.5600,stop,-0.300,0.040,0.00015,0.24,1,1,-0.3401,-0.6803,1321.6800,1,
2026-09-01 17:17:32,KAITOUSDC,fixed_l,long,0.2000,0.2000,0.5000,0.3000,0.2976,0.2967,stop,-0.300,0.040,-0.00022,0.24,1,1,-0.3398,-0.6796,58285.9389,1,
2026-09-01 17:18:08,ADAUSDC,adapt_l,long,0.2525,0.2525,0.8417,0.5261,0.1967,0.1961,timeout,-0.306,0.040,0.00036,0.80,1,1,-0.3464,-0.6929,205977.7000,1,
2026-09-01 17:18:11,AVAXUSDC,mom_l,long,0.3000,1.0000,0.8000,0.5000,7.2240,7.2050,timeout,-0.263,0.040,0.00050,0.80,1,1,-0.3039,-0.6079,12437.1564,0,
2026-09-01 17:18:29,WIFUSDC,adapt_l,long,0.3212,0.3212,1.0708,0.6692,0.1945,0.1943,timeout,-0.089,0.040,0.00050,0.80,1,1,-0.1296,-0.2592,37660.6500,1,
2026-09-01 17:21:26,BTCUSDC,adapt_l,long,0.1239,0.1239,0.4130,0.2581,77803.6735,77844.2000,timeout,0.052,0.040,0.00089,0.82,1,1,0.0112,0.0224,4.1732,1,
2026-09-01 17:21:27,ETHUSDC,fixed_l,long,0.2000,0.2000,0.5000,0.3000,2444.5411,2444.9000,timeout,0.015,0.040,0.00053,0.82,1,1,-0.0258,-0.0517,40.9783,1,
2026-09-01 17:21:28,SOLUSDC,adapt_l,long,0.1733,0.1733,0.5775,0.3610,101.9630,101.9100,timeout,-0.052,0.040,-0.00041,0.80,1,1,-0.0916,-0.1832,5417.1017,1,
2026-09-01 17:21:40,UNIUSDC,fixed_l,long,0.2000,0.2000,0.5000,0.3000,5.3543,5.3643,expired,0.000,0.000,0.00067,4.73,0,0,0.0000,0.0000,2642.0000,1,
2026-09-01 17:21:52,WIFUSDC,fixed_l,long,0.2000,0.2000,0.5000,0.3000,0.1938,0.1948,tp,0.500,0.000,0.00020,0.31,1,1,0.4998,0.9996,31055.9250,1,
2026-09-01 17:22:13,WLFIUSDC,adapt_s,short,0.1064,0.1064,0.3546,0.2216,0.0570,0.0571,stop,-0.222,0.040,-0.00002,0.04,1,1,-0.2616,-0.5232,179314.2857,1,
2026-09-01 17:23:59,LTCUSDC,fixed_l,long,0.2000,0.2000,0.5000,0.3000,48.2633,48.5046,tp,0.500,0.000,0.00042,0.33,1,1,0.4996,0.9992,1324.6840,1,
2026-09-01 17:23:59,LTCUSDC,adapt_l,long,0.1474,0.1474,0.4915,0.3072,48.2887,48.5260,tp,0.491,0.000,0.00044,0.35,1,1,0.4911,0.9821,1090.7127,1,
2026-09-01 17:24:08,TIAUSDC,fixed_l,long,0.2000,0.2000,0.5000,0.3000,0.3339,0.3356,tp,0.500,0.000,-0.00006,0.37,1,1,0.5001,1.0001,21675.6667,1,
2026-09-01 17:24:18,ORDIUSDC,fixed_l,long,0.2000,0.2000,0.5000,0.3000,3.8523,3.8715,tp,0.500,0.000,0.00008,0.14,1,1,0.4999,0.9998,1045.1000,1,
2026-09-01 17:24:19,ORDIUSDC,mom_l,long,0.3000,1.0000,0.8000,0.5000,3.8471,3.8779,tp,0.800,0.000,0.00018,0.29,1,1,0.7998,1.5996,8599.9964,1,
2026-09-01 17:24:33,CRVUSDC,mom15_l,long,0.5000,2.5000,2.0000,0.8000,0.0000,0.3431,expired,0.000,0.000,0.00000,2.00,0,0,0.0000,0.0000,0.0000,1,
2026-09-01 17:24:34,ETHFIUSDC,deep_l,long,0.2000,0.5000,0.6000,0.5000,0.5606,0.5639,tp,0.600,0.000,0.00021,0.33,1,1,0.5998,1.1996,16297.8440,1,
2026-09-01 17:25:17,NEARUSDC,deep_l,long,0.2000,0.5000,0.6000,0.5000,1.9114,1.9229,tp,0.600,0.000,0.00017,0.14,1,1,0.5998,1.1997,29395.2000,1,
2026-09-01 17:25:19,SUIUSDC,fixed_l,long,0.2000,0.2000,0.5000,0.3000,0.7180,0.7216,tp,0.500,0.000,0.00038,0.37,1,1,0.4996,0.9992,199670.9567,1,
2026-09-01 17:25:36,ARBUSDC,adapt_l,long,0.9315,0.9315,3.1050,1.9406,0.1055,0.1088,tp,3.105,0.000,0.00069,0.56,1,1,3.1043,6.2086,82098.4900,1,
2026-09-01 17:28:02,CRVUSDC,fixed_s,short,0.2000,0.2000,0.5000,0.3000,0.3615,0.3593,expired,0.000,0.000,-0.00005,4.15,0,0,0.0000,0.0000,24977.8000,1,
2026-09-01 17:28:03,CRVUSDC,deep_s,short,0.2000,0.5000,0.6000,0.5000,0.3598,0.3604,expired,0.000,0.040,-0.00010,4.23,0,0,0.0000,0.0000,107574.8783,1,
2026-09-01 17:29:10,BIOUSDC,deep_s,short,0.2000,0.5000,0.6000,0.5000,0.0266,0.0267,expired,0.000,0.040,-0.00050,5.88,0,0,0.0000,0.0000,437828.9643,1,
2026-09-01 17:29:20,KAITOUSDC,deep_s,short,0.2000,0.5000,0.6000,0.5000,0.3024,0.3042,expired,0.000,0.040,0.00023,5.51,0,0,0.0000,0.0000,31055.1432,1,
2026-09-01 17:29:51,BNBUSDC,deep_s,short,0.2000,0.5000,0.6000,0.5000,0.0000,696.5956,expired,0.000,0.000,0.00000,4.00,0,0,0.0000,0.0000,0.0000,1,
2026-09-01 17:33:49,HBARUSDC,deep_s,short,0.2000,0.5000,0.6000,0.5000,0.0745,0.0753,expired,0.000,0.040,-0.00051,5.12,0,0,0.0000,0.0000,351230.8714,1,
2026-09-01 17:33:50,WIFUSDC,adapt_s,short,0.2936,0.2936,0.9786,0.6116,0.1995,0.2013,expired,0.000,0.040,-0.00001,4.05,0,0,0.0000,0.0000,22878.3000,1,
2026-09-01 17:33:51,WIFUSDC,deep_s,short,0.2000,0.5000,0.6000,0.5000,0.1996,0.2017,expired,0.000,0.040,-0.00001,4.05,0,0,0.0000,0.0000,83722.3417,1,
2026-09-01 17:36:21,WIFUSDC,mom_s,short,0.3000,1.0000,0.8000,0.5000,0.1994,0.2010,expired,0.000,0.040,-0.00001,4.09,0,0,0.0000,0.0000,114836.0479,0,
2026-09-01 17:37:18,UNIUSDC,fixed_l,long,0.2000,0.2000,0.5000,0.3000,5.6806,5.6636,stop,-0.300,0.040,0.00010,0.08,1,0,-0.3401,-0.6802,3627.0000,1,
2026-09-01 17:37:26,TIAUSDC,mom15_s,short,0.5000,2.5000,2.0000,0.8000,0.0000,0.3486,expired,0.000,0.000,0.00000,2.01,0,0,0.0000,0.0000,0.0000,1,
2026-09-01 17:39:04,WLFIUSDC,adapt_l,long,0.1186,0.1186,0.3952,0.2470,0.0570,0.0568,stop,-0.247,0.040,0.00004,0.06,1,1,-0.2870,-0.5741,29927.2857,1,
2026-09-01 17:39:37,AVAXUSDC,adapt_l,long,0.1874,0.1874,0.6248,0.3905,7.2015,7.2110,timeout,0.132,0.040,0.00045,0.82,1,1,0.0918,0.1836,11583.2426,1,
2026-09-01 17:40:14,BIOUSDC,fixed_l,long,0.2000,0.2000,0.5000,0.3000,0.0260,0.0259,stop,-0.300,0.040,0.00035,0.56,1,1,-0.3403,-0.6807,80660.6667,1,
2026-09-01 20:31:20,ARBUSDC,fixed_l,long,0.2000,0.2000,0.5000,0.3000,0.1119,0.1116,stop,-0.300,0.040,0.00004,0.03,1,0,-0.3400,-0.6801,52739.6000,1,
2026-09-01 20:31:51,NEARUSDC,fixed_l,long,0.2000,0.2000,0.5000,0.3000,1.9780,1.9721,stop,-0.300,0.040,0.00005,0.04,1,0,-0.3400,-0.6801,539.3333,1,
2026-09-01 20:32:50,ARBUSDC,deep_l,long,0.2000,0.5000,0.6000,0.5000,0.1116,0.1111,stop,-0.500,0.040,0.00003,0.02,1,1,-0.5400,-1.0801,69376.7000,1,
2026-09-01 20:32:53,ETHFIUSDC,fixed_l,long,0.2000,0.2000,0.5000,0.3000,0.5654,0.5637,stop,-0.300,0.040,0.00002,0.03,1,0,-0.3400,-0.6800,4930.5667,1,
2026-09-01 20:33:52,ARBUSDC,fixed_l,long,0.2000,0.2000,0.5000,0.3000,0.1114,0.1111,stop,-0.300,0.040,0.00002,0.01,1,0,-0.3400,-0.6800,41774.9500,1,
2026-09-01 20:35:23,UNIUSDC,fixed_l,long,0.2000,0.2000,0.5000,0.3000,5.8203,5.8029,stop,-0.300,0.040,0.00006,0.05,1,1,-0.3401,-0.6801,8880.5714,1,
2026-09-01 20:35:29,TIAUSDC,fixed_l,long,0.2000,0.2000,0.5000,0.3000,0.3483,0.3473,stop,-0.300,0.040,-0.00005,0.05,1,0,-0.3400,-0.6799,10085.3333,1,
2026-09-01 20:36:16,UNIUSDC,deep_l,long,0.2000,0.5000,0.6000,0.5000,5.8028,5.7738,stop,-0.500,0.040,0.00002,0.01,1,1,-0.5400,-1.0800,16347.4000,1,
2026-09-01 20:36:29,WLDUSDC,fixed_l,long,0.2000,0.2000,0.5000,0.3000,0.3681,0.3670,stop,-0.300,0.040,0.00001,0.01,1,1,-0.3400,-0.6800,21360.0800,1,
2026-09-01 20:36:32,ARBUSDC,fixed_l,long,0.2000,0.2000,0.5000,0.3000,0.1106,0.1103,stop,-0.300,0.040,0.00002,0.01,1,0,-0.3400,-0.6800,54835.5500,1,
2026-09-01 20:36:36,CRVUSDC,fixed_l,long,0.2000,0.2000,0.5000,0.3000,0.3651,0.3640,stop,-0.300,0.040,0.00006,0.05,1,1,-0.3401,-0.6801,16072.6000,1,
2026-09-01 20:37:06,SOLUSDC,adapt_l,long,0.1649,0.1649,0.5497,0.3436,101.8418,101.4919,stop,-0.344,0.040,-0.00002,0.02,1,1,-0.3836,-0.7671,4500.8960,1,
2026-09-01 20:37:22,NEARUSDC,deep_l,long,0.2000,0.5000,0.6000,0.5000,1.9721,1.9622,stop,-0.500,0.040,0.00011,0.09,1,1,-0.5401,-1.0802,24248.7143,1,
2026-09-01 20:38:18,NEARUSDC,fixed_l,long,0.2000,0.2000,0.5000,0.3000,1.9691,1.9631,stop,-0.300,0.040,0.00004,0.03,1,1,-0.3400,-0.6801,26172.0000,1,
2026-09-01 20:38:21,TIAUSDC,adapt_l,long,0.3678,0.3678,1.2259,0.7662,0.3477,0.3451,stop,-0.766,0.040,-0.00006,0.06,1,1,-0.8061,-1.6122,19323.4000,1,
2026-09-01 20:38:21,TIAUSDC,deep_l,long,0.2000,0.5000,0.6000,0.5000,0.3473,0.3455,stop,-0.500,0.040,-0.00005,0.05,1,1,-0.5400,-1.0799,37007.8333,1,
2026-09-01 20:38:35,ARBUSDC,deep_l,long,0.2000,0.5000,0.6000,0.5000,0.1101,0.1096,stop,-0.500,0.040,0.00004,0.03,1,1,-0.5400,-1.0801,120559.8000,1,
2026-09-01 20:38:36,BIOUSDC,fixed_l,long,0.2000,0.2000,0.5000,0.3000,0.0259,0.0259,stop,-0.300,0.040,0.00001,0.02,1,1,-0.3400,-0.6800,189255.5000,1,
2026-09-01 20:38:37,BOMEUSDC,fixed_l,long,0.2000,0.2000,0.5000,0.3000,0.0009,0.0009,stop,-0.300,0.040,0.00002,0.03,1,1,-0.3400,-0.6800,9015713.0000,1,
2026-09-01 20:39:11,ETHUSDC,adapt_l,long,0.1281,0.1281,0.4269,0.2668,2446.6624,2440.1341,stop,-0.267,0.040,-0.00000,0.06,1,1,-0.3068,-0.6136,43.1802,1,
2026-09-01 20:39:13,SOLUSDC,fixed_l,long,0.2000,0.2000,0.5000,0.3000,101.8060,101.5006,stop,-0.300,0.040,-0.00004,0.03,1,1,-0.3400,-0.6799,5069.1800,1,
2026-09-01 20:39:19,LINKUSDC,fixed_l,long,0.2000,0.2000,0.5000,0.3000,11.3932,11.3590,stop,-0.300,0.040,0.00004,0.03,1,1,-0.3400,-0.6801,3670.5350,1,
2026-09-01 20:39:19,LINKUSDC,adapt_l,long,0.2142,0.2142,0.7140,0.4463,11.3915,11.3407,stop,-0.446,0.040,0.00004,0.03,1,1,-0.4863,-0.9726,4242.9017,1,
2026-09-01 20:39:32,SUIUSDC,fixed_l,long,0.2000,0.2000,0.5000,0.3000,0.7252,0.7231,stop,-0.300,0.040,0.00004,0.03,1,1,-0.3400,-0.6801,45515.3286,1,
2026-09-01 20:39:49,ARBUSDC,fixed_l,long,0.2000,0.2000,0.5000,0.3000,0.1098,0.1094,stop,-0.300,0.040,0.00002,0.02,1,0,-0.3400,-0.6800,94950.4500,1,
2026-09-01 20:40:35,UNIUSDC,fixed_l,long,0.2000,0.2000,0.5000,0.3000,5.7605,5.7432,stop,-0.300,0.040,0.00005,0.04,1,0,-0.3400,-0.6801,2630.0000,1,
2026-09-01 20:40:42,TIAUSDC,fixed_l,long,0.2000,0.2000,0.5000,0.3000,0.3456,0.3446,stop,-0.300,0.040,-0.00004,0.04,1,0,-0.3400,-0.6799,19823.3333,1,
2026-09-01 20:40:44,FILUSDC,fixed_l,long,0.2000,0.2000,0.5000,0.3000,0.6945,0.6924,stop,-0.300,0.040,0.00005,0.06,1,1,-0.3400,-0.6801,65512.2167,1,
2026-09-01 20:40:54,BIOUSDC,adapt_l,long,0.2241,0.2241,0.7468,0.4668,0.0259,0.0258,stop,-0.467,0.040,0.00004,0.06,1,1,-0.5068,-1.0136,189255.5000,1,
2026-09-01 20:41:40,NEARUSDC,fixed_l,long,0.2000,0.2000,0.5000,0.3000,1.9671,1.9612,stop,-0.300,0.040,0.00002,0.02,1,0,-0.3400,-0.6800,4270.5000,1,
2026-09-01 20:41:54,ARBUSDC,deep_l,long,0.2000,0.5000,0.6000,0.5000,0.1091,0.1097,tp,0.600,0.000,0.00002,0.02,1,1,0.6000,1.2000,100857.4500,1,
2026-09-01 20:41:59,CRVUSDC,deep_l,long,0.2000,0.5000,0.6000,0.5000,0.3640,0.3622,stop,-0.500,0.040,0.00011,0.09,1,1,-0.5401,-1.0802,45260.5167,1,
2026-09-01 20:42:00,CRVUSDC,mom_l,long,0.3000,1.0000,0.8000,0.5000,0.3638,0.3620,stop,-0.500,0.040,0.00011,0.09,1,1,-0.5401,-1.0802,75010.3583,1,
2026-09-01 20:42:39,UNIUSDC,deep_l,long,0.2000,0.5000,0.6000,0.5000,5.7382,5.7726,tp,0.600,0.000,0.00004,0.03,1,1,0.6000,1.1999,14853.2500,1,
2026-09-01 20:44:00,ARBUSDC,deep_s,short,0.2000,0.5000,0.6000,0.5000,0.1103,0.1096,tp,0.600,0.000,-0.00002,0.02,1,1,0.6000,1.2000,122361.4000,1,
2026-09-01 20:44:04,CRVUSDC,fixed_l,long,0.2000,0.2000,0.5000,0.3000,0.3626,0.3615,stop,-0.300,0.040,0.00004,0.03,1,1,-0.3400,-0.6801,11641.7400,1,
2026-09-01 20:45:14,WLDUSDC,fixed_l,long,0.2000,0.2000,0.5000,0.3000,0.3661,0.3679,tp,0.500,0.000,0.00006,0.07,1,1,0.4999,0.9999,21691.5750,1,
2026-09-01 20:45:20,ARBUSDC,fixed_s,short,0.2000,0.2000,0.5000,0.3000,0.1099,0.1094,tp,0.500,0.000,-0.00004,0.04,1,1,0.5000,1.0001,86614.4500,1,
2026-09-01 20:46:30,TRUMPUSDC,fixed_l,long,0.2000,0.2000,0.5000,0.3000,2.3493,2.3610,tp,0.500,0.000,0.00009,0.21,1,1,0.4999,0.9998,5965.3133,1,
2026-09-01 20:46:38,CRVUSDC,deep_l,long,0.2000,0.5000,0.6000,0.5000,0.3603,0.3625,tp,0.600,0.000,0.00003,0.02,1,1,0.6000,1.1999,51909.9667,1,
2026-09-01 20:47:16,ADAUSDC,fixed_l,long,0.2000,0.2000,0.5000,0.3000,0.1979,0.1989,tp,0.500,0.000,0.00009,0.17,1,1,0.4999,0.9998,550059.1500,1,
2026-09-01 20:47:44,BOMEUSDC,fixed_l,long,0.2000,0.2000,0.5000,0.3000,0.0009,0.0009,tp,0.500,0.000,0.00007,0.11,1,1,0.4999,0.9999,63367.5000,1,
2026-09-01 20:48:17,SOLUSDC,adapt_l,long,0.1735,0.1735,0.5783,0.3614,101.4138,102.0002,tp,0.578,0.000,-0.00014,0.13,1,1,0.5784,1.1569,5429.1633,1,
2026-09-01 20:48:18,SOLUSDC,deep_l,long,0.2000,0.5000,0.6000,0.5000,101.4999,102.1089,tp,0.600,0.000,-0.00020,0.19,1,1,0.6002,1.2004,10081.6017,1,
2026-09-01 20:48:19,DOGEUSDC,fixed_l,long,0.2000,0.2000,0.5000,0.3000,0.0823,0.0827,tp,0.500,0.000,0.00016,0.13,1,1,0.4998,0.9997,1190524.2500,1,
2026-09-01 20:48:22,BNBUSDC,adapt_l,long,0.0806,0.0806,0.2686,0.1679,685.7170,687.5589,tp,0.269,0.000,0.00003,0.19,1,1,0.2686,0.5372,33.8083,1,
2026-09-01 20:48:28,AVAXUSDC,fixed_l,long,0.2000,0.2000,0.5000,0.3000,7.2395,7.2757,tp,0.500,0.000,0.00016,0.19,1,1,0.4998,0.9997,9633.7267,1,
2026-09-01 20:48:39,TIAUSDC,deep_l,long,0.2000,0.5000,0.6000,0.5000,0.3446,0.3466,tp,0.600,0.000,-0.00011,0.13,1,1,0.6001,1.2002,22984.5000,1,
2026-09-01 20:48:44,WIFUSDC,fixed_l,long,0.2000,0.2000,0.5000,0.3000,0.1978,0.1988,tp,0.500,0.000,0.00012,0.19,1,1,0.4999,0.9998,37015.0500,1,
2026-09-01 20:52:19,TIAUSDC,fixed_s,short,0.2000,0.2000,0.5000,0.3000,0.3467,0.3477,stop,-0.300,0.040,0.00005,0.06,1,1,-0.3400,-0.6801,6554.8000,1,
2026-09-01 20:54:28,UNIUSDC,fixed_l,long,0.2000,0.2000,0.5000,0.3000,5.7475,5.7302,stop,-0.300,0.040,0.00005,0.04,1,1,-0.3400,-0.6801,4156.8000,1,
2026-09-01 20:55:48,TIAUSDC,deep_s,short,0.2000,0.5000,0.6000,0.5000,0.3477,0.3456,tp,0.600,0.000,0.00005,0.06,1,1,0.5999,1.1999,37967.7500,1,
2026-09-01 20:56:11,ETHFIUSDC,fixed_l,long,0.2000,0.2000,0.5000,0.3000,0.5626,0.5609,stop,-0.300,0.040,0.00016,0.25,1,1,-0.3402,-0.6803,8279.2625,1,
2026-09-01 20:56:11,ETHFIUSDC,deep_l,long,0.2000,0.5000,0.6000,0.5000,0.5637,0.5608,stop,-0.500,0.040,0.00024,0.38,1,1,-0.5402,-1.0805,12358.0333,1,
2026-09-01 20:56:54,LTCUSDC,fixed_l,long,0.2000,0.2000,0.5000,0.3000,48.9120,49.1565,tp,0.500,0.000,-0.00004,0.31,1,1,0.5000,1.0001,1917.8013,1,
2026-09-01 20:57:03,SUIUSDC,deep_l,long,0.2000,0.5000,0.6000,0.5000,0.7231,0.7274,tp,0.600,0.000,0.00036,0.29,1,1,0.5996,1.1993,234547.9000,1,
2026-09-01 20:57:17,TRUMPUSDC,fixed_s,short,0.2000,0.2000,0.5000,0.3000,2.3597,2.3479,tp,0.500,0.000,-0.00011,0.22,1,1,0.5001,1.0002,4889.8567,1,
2026-09-01 20:57:39,WLFIUSDC,fixed_l,long,0.2000,0.2000,0.5000,0.3000,0.0567,0.0565,stop,-0.300,0.040,0.00019,0.31,1,1,-0.3402,-0.6804,202618.0000,1,
2026-09-01 20:57:39,WLFIUSDC,adapt_l,long,0.1626,0.1626,0.5420,0.3388,0.0567,0.0565,stop,-0.339,0.040,0.00019,0.31,1,1,-0.3790,-0.7579,124563.5000,1,
2026-09-01 20:59:15,ADAUSDC,fixed_s,short,0.2000,0.2000,0.5000,0.3000,0.1990,0.1980,tp,0.500,0.000,-0.00010,0.18,1,1,0.5001,1.0002,67308.9750,1,
2026-09-01 20:59:35,ORDIUSDC,fixed_l,long,0.2000,0.2000,0.5000,0.3000,3.8932,3.8815,stop,-0.300,0.040,0.00023,0.37,1,1,-0.3402,-0.6805,1648.0833,1,
2026-09-01 20:59:48,CRVUSDC,fixed_l,long,0.2000,0.2000,0.5000,0.3000,0.3612,0.3601,stop,-0.300,0.040,0.00008,0.06,1,1,-0.3401,-0.6802,1898.2000,1,
2026-09-01 21:01:34,XRPUSDC,fixed_l,long,0.2000,0.2000,0.5000,0.3000,1.3721,1.3679,stop,-0.300,0.040,0.00051,0.41,1,1,-0.3405,-0.6810,190820.6000,1,
2026-09-01 21:01:34,XRPUSDC,adapt_l,long,0.1821,0.1821,0.6071,0.3794,1.3723,1.3671,stop,-0.379,0.040,0.00051,0.41,1,1,-0.4199,-0.8399,181899.3000,1,
2026-09-01 21:01:43,UNIUSDC,deep_l,long,0.2000,0.5000,0.6000,0.5000,5.7302,5.7016,stop,-0.500,0.040,0.00015,0.12,1,1,-0.5402,-1.0803,8368.5714,1,
2026-09-01 21:01:45,NEARUSDC,fixed_s,short,0.2000,0.2000,0.5000,0.3000,1.9729,1.9631,tp,0.500,0.000,-0.00037,0.30,1,0,0.5004,1.0007,1939.5000,1,
2026-09-01 21:01:58,WIFUSDC,fixed_s,short,0.2000,0.2000,0.5000,0.3000,0.1987,0.1977,tp,0.500,0.000,-0.00015,0.24,1,1,0.5001,1.0003,2763.1400,1,
2026-09-01 21:02:02,WLDUSDC,fixed_s,short,0.2000,0.2000,0.5000,0.3000,0.3684,0.3666,tp,0.500,0.000,-0.00019,0.22,1,1,0.5002,1.0004,17508.2400,1,
2026-09-01 21:03:09,UNIUSDC,mom_l,long,0.3000,1.0000,0.8000,0.5000,5.7222,5.6936,stop,-0.500,0.040,0.00015,0.12,1,1,-0.5402,-1.0803,8504.8182,1,
2026-09-01 21:03:12,NEARUSDC,adapt_l,long,0.3449,0.3449,1.1498,0.7186,1.9712,1.9570,stop,-0.719,0.040,0.00065,0.52,1,1,-0.7593,-1.5185,26169.5000,1,
2026-09-01 21:03:17,TIAUSDC,fixed_l,long,0.2000,0.2000,0.5000,0.3000,0.3444,0.3434,stop,-0.300,0.040,-0.00002,0.02,1,1,-0.3400,-0.6800,16136.0000,1,
2026-09-01 21:03:33,TRUMPUSDC,fixed_l,long,0.2000,0.2000,0.5000,0.3000,2.3453,2.3383,stop,-0.300,0.040,0.00001,0.02,1,1,-0.3400,-0.6800,10676.2786,1,
2026-09-01 21:03:37,ARBUSDC,fixed_l,long,0.2000,0.2000,0.5000,0.3000,0.1091,0.1088,stop,-0.300,0.040,0.00013,0.10,1,1,-0.3401,-0.6803,143171.1455,1,
2026-09-01 21:03:40,BIOUSDC,fixed_l,long,0.2000,0.2000,0.5000,0.3000,0.0259,0.0258,stop,-0.300,0.040,0.00023,0.37,1,0,-0.3402,-0.6805,40894.0000,1,
2026-09-01 21:03:47,CRVUSDC,adapt_l,long,0.5777,0.5777,1.9258,1.2036,0.3623,0.3579,stop,-1.204,0.040,0.00054,0.43,1,1,-1.2441,-2.4883,66445.8400,1,
2026-09-01 21:03:48,CRVUSDC,deep_l,long,0.2000,0.5000,0.6000,0.5000,0.3601,0.3583,stop,-0.500,0.040,0.00008,0.06,1,1,-0.5401,-1.0802,29862.4200,1,
2026-09-01 21:04:26,DOGEUSDC,adapt_s,short,0.1748,0.1748,0.5827,0.3642,0.0827,0.0822,tp,0.583,0.000,-0.00033,0.27,1,1,0.5830,1.1660,925322.5000,1,
2026-09-01 21:04:37,UNIUSDC,fixed_l,long,0.2000,0.2000,0.5000,0.3000,5.6976,5.6805,stop,-0.300,0.040,0.00003,0.03,1,0,-0.3400,-0.6801,4348.0000,1,
2026-09-01 21:04:38,UNIUSDC,adapt_l,long,0.5636,0.5636,1.8788,1.1743,5.7395,5.6721,stop,-1.174,0.040,0.00050,0.40,1,1,-1.2148,-2.4295,14955.0000,1,
2026-09-01 21:04:43,SUIUSDC,fixed_l,long,0.2000,0.2000,0.5000,0.3000,0.7236,0.7214,stop,-0.300,0.040,0.00006,0.05,1,1,-0.3401,-0.6801,53267.3000,1,
2026-09-01 21:04:44,SUIUSDC,adapt_l,long,0.2353,0.2353,0.7842,0.4901,0.7250,0.7214,stop,-0.490,0.040,0.00057,0.45,1,1,-0.5307,-1.0614,57565.2857,1,
2026-09-01 21:04:52,WIFUSDC,fixed_l,long,0.2000,0.2000,0.5000,0.3000,0.1977,0.1971,stop,-0.300,0.040,0.00003,0.05,1,1,-0.3400,-0.6801,12394.3250,1,
2026-09-01 21:06:23,CRVUSDC,mom_l,long,0.3000,1.0000,0.8000,0.5000,0.3585,0.3613,tp,0.800,0.000,0.00014,0.11,1,1,0.7999,1.5997,82150.0917,1,
2026-09-01 21:06:54,BTCUSDC,adapt_s,short,0.1171,0.1171,0.3902,0.2439,77960.2577,77656.0430,tp,0.390,0.000,-0.00005,0.31,1,1,0.3903,0.7805,2.5328,1,
2026-09-01 21:06:55,ETHUSDC,fixed_l,long,0.2000,0.2000,0.5000,0.3000,2442.7447,2435.4165,stop,-0.300,0.040,-0.00006,0.50,1,1,-0.3399,-0.6799,132.2433,1,
2026-09-01 21:06:57,SOLUSDC,fixed_s,short,0.2000,0.2000,0.5000,0.3000,101.9335,101.4238,tp,0.500,0.000,0.00038,0.33,1,1,0.4996,0.9992,4354.0420,1,
2026-09-01 21:06:58,SOLUSDC,adapt_s,short,0.1796,0.1796,0.5987,0.3742,101.9127,101.3026,tp,0.599,0.000,0.00038,0.33,1,1,0.5983,1.1966,3531.8740,1,
2026-09-01 21:07:00,DOGEUSDC,adapt_l,long,0.1713,0.1713,0.5709,0.3568,0.0823,0.0820,stop,-0.357,0.040,0.00055,0.44,1,1,-0.3974,-0.7948,1021897.5000,1,
2026-09-01 21:07:01,BNBUSDC,adapt_s,short,0.0843,0.0843,0.2809,0.1756,687.0385,685.1086,tp,0.281,0.000,-0.00001,0.33,1,1,0.2809,0.5618,36.3650,1,
2026-09-01 21:07:03,XRPUSDC,deep_l,long,0.2000,0.5000,0.6000,0.5000,1.3679,1.3611,stop,-0.500,0.040,0.00011,0.09,1,1,-0.5401,-1.0802,208108.1593,1,
2026-09-01 21:07:06,ADAUSDC,fixed_l,long,0.2000,0.2000,0.5000,0.3000,0.1976,0.1970,stop,-0.300,0.040,0.00003,0.07,1,1,-0.3400,-0.6801,129493.7750,1,
2026-09-01 21:07:07,ADAUSDC,adapt_l,long,0.2395,0.2395,0.7983,0.4989,0.1978,0.1968,stop,-0.499,0.040,0.00025,0.50,1,1,-0.5392,-1.0784,666667.9667,1,
2026-09-01 21:07:07,ADAUSDC,deep_l,long,0.2000,0.5000,0.6000,0.5000,0.1973,0.1963,stop,-0.500,0.040,0.00002,0.04,1,1,-0.5400,-1.0800,767513.6172,1,
2026-09-01 21:07:16,NEARUSDC,fixed_l,long,0.2000,0.2000,0.5000,0.3000,1.9581,1.9522,stop,-0.300,0.040,0.00009,0.07,1,0,-0.3401,-0.6802,3946.5000,1,
2026-09-01 21:07:20,SUIUSDC,deep_l,long,0.2000,0.5000,0.6000,0.5000,0.7214,0.7178,stop,-0.500,0.040,0.00005,0.04,1,1,-0.5401,-1.0801,67412.5500,1,
2026-09-01 21:07:22,TIAUSDC,adapt_l,long,0.3838,0.3838,1.2794,0.7996,0.3450,0.3422,stop,-0.800,0.040,-0.00045,0.44,1,0,-0.8392,-1.6783,15011.5000,1,
2026-09-01 21:07:22,TIAUSDC,deep_l,long,0.2000,0.5000,0.6000,0.5000,0.3434,0.3417,stop,-0.500,0.040,-0.00007,0.07,1,1,-0.5399,-1.0799,39491.6000,1,
2026-09-01 21:07:27,FILUSDC,deep_l,long,0.2000,0.5000,0.6000,0.5000,0.6924,0.6890,stop,-0.500,0.040,0.00051,0.50,1,1,-0.5405,-1.0810,78361.1000,1,
2026-09-01 21:07:29,HBARUSDC,fixed_l,long,0.2000,0.2000,0.5000,0.3000,0.0749,0.0747,stop,-0.300,0.040,0.00003,0.07,1,1,-0.3400,-0.6801,326781.4091,1,
2026-09-01 21:07:29,HBARUSDC,adapt_l,long,0.1828,0.1828,0.6094,0.3809,0.0749,0.0746,stop,-0.381,0.040,0.00003,0.07,1,1,-0.4209,-0.8418,320789.6364,1,
2026-09-01 21:07:34,ORDIUSDC,adapt_l,long,0.2440,0.2440,0.8132,0.5082,3.8845,3.8648,stop,-0.508,0.040,0.00028,0.44,1,1,-0.5485,-1.0970,2243.7600,1,
2026-09-01 21:07:34,ORDIUSDC,deep_l,long,0.2000,0.5000,0.6000,0.5000,3.8815,3.8621,stop,-0.500,0.040,0.00008,0.13,1,1,-0.5401,-1.0802,3916.9480,1,
2026-09-01 21:07:35,WLDUSDC,adapt_l,long,0.3415,0.3415,1.1383,0.7115,0.3671,0.3645,stop,-0.711,0.040,0.00046,0.51,1,1,-0.7519,-1.5039,62234.5200,1,
2026-09-01 21:07:35,WLDUSDC,deep_l,long,0.2000,0.5000,0.6000,0.5000,0.3670,0.3651,stop,-0.500,0.040,0.00046,0.51,1,1,-0.5405,-1.0809,71323.9833,1,
2026-09-01 21:07:37,TRUMPUSDC,adapt_l,long,0.3180,0.3180,1.0601,0.6626,2.3465,2.3310,stop,-0.663,0.040,0.00028,0.51,1,1,-0.7029,-1.4057,12499.0983,1,
2026-09-01 21:07:38,TRUMPUSDC,deep_l,long,0.2000,0.5000,0.6000,0.5000,2.3422,2.3305,stop,-0.500,0.040,0.00005,0.09,1,1,-0.5400,-1.0801,39376.7496,1,
2026-09-01 21:07:40,ARBUSDC,fixed_l,long,0.2000,0.2000,0.5000,0.3000,0.1085,0.1090,tp,0.500,0.000,0.00000,0.00,1,1,0.5000,1.0000,307915.2333,1,
2026-09-01 21:07:43,BIOUSDC,fixed_l,long,0.2000,0.2000,0.5000,0.3000,0.0257,0.0257,stop,-0.300,0.040,0.00000,0.00,1,1,-0.3400,-0.6800,70441.6667,1,
2026-09-01 21:07:44,BIOUSDC,deep_l,long,0.2000,0.5000,0.6000,0.5000,0.0259,0.0257,stop,-0.500,0.040,0.00030,0.48,1,1,-0.5403,-1.0806,650224.4286,1,
2026-09-01 21:07:44,BOMEUSDC,fixed_l,long,0.2000,0.2000,0.5000,0.3000,0.0009,0.0009,stop,-0.300,0.040,0.00003,0.04,1,1,-0.3400,-0.6801,2758854.0000,1,
2026-09-01 21:07:45,BOMEUSDC,adapt_l,long,0.2521,0.2521,0.8403,0.5252,0.0009,0.0009,stop,-0.525,0.040,0.00028,0.44,1,1,-0.5655,-1.1309,5212294.7500,1,
2026-09-01 21:07:46,BOMEUSDC,deep_l,long,0.2000,0.5000,0.6000,0.5000,0.0009,0.0009,stop,-0.500,0.040,0.00030,0.48,1,1,-0.5403,-1.0806,14706720.2000,1,
2026-09-01 21:07:49,ETHFIUSDC,fixed_l,long,0.2000,0.2000,0.5000,0.3000,0.5588,0.5571,stop,-0.300,0.040,0.00006,0.09,1,1,-0.3401,-0.6801,3.6000,1,
2026-09-01 21:07:54,NEOUSDC,fixed_l,long,0.2000,0.2000,0.5000,0.3000,2.0349,2.0288,stop,-0.300,0.040,0.00060,0.48,1,1,-0.3406,-0.6812,156.5237,1,
2026-09-01 21:07:54,NEOUSDC,adapt_l,long,0.2303,0.2303,0.7678,0.4799,2.0343,2.0245,stop,-0.480,0.040,0.00060,0.48,1,1,-0.5205,-1.0409,156.5237,1,
2026-09-01 21:08:19,BTCUSDC,adapt_l,long,0.1149,0.1149,0.3831,0.2395,77750.9301,77564.7487,stop,-0.239,0.040,0.00009,0.52,1,1,-0.2795,-0.5591,6.2361,1,
2026-09-01 21:08:29,LINKUSDC,fixed_l,long,0.2000,0.2000,0.5000,0.3000,11.3163,11.3729,tp,0.500,0.000,0.00003,0.02,1,1,0.5000,0.9999,4846.8250,1,
2026-09-01 21:08:44,NEARUSDC,deep_l,long,0.2000,0.5000,0.6000,0.5000,1.9532,1.9649,tp,0.600,0.000,0.00003,0.02,1,1,0.6000,1.1999,66169.7600,1,
2026-09-01 21:08:45,NEARUSDC,mom_l,long,0.3000,1.0000,0.8000,0.5000,1.9493,1.9649,tp,0.800,0.000,0.00003,0.02,1,1,0.8000,1.5999,72422.7619,1,
2026-09-01 21:08:50,TIAUSDC,fixed_l,long,0.2000,0.2000,0.5000,0.3000,0.3430,0.3447,tp,0.500,0.000,-0.00002,0.02,1,1,0.5000,1.0000,13038.6667,1,
2026-09-01 21:08:57,WIFUSDC,deep_l,long,0.2000,0.5000,0.6000,0.5000,0.1972,0.1984,tp,0.600,0.000,0.00007,0.11,1,1,0.5999,1.1999,83431.9111,1,
2026-09-01 21:09:00,ORDIUSDC,fixed_l,long,0.2000,0.2000,0.5000,0.3000,3.8623,3.8816,tp,0.500,0.000,0.00001,0.02,1,1,0.5000,1.0000,3582.2000,1,
2026-09-01 21:09:02,WLDUSDC,fixed_l,long,0.2000,0.2000,0.5000,0.3000,0.3655,0.3673,tp,0.500,0.000,0.00002,0.02,1,1,0.5000,1.0000,28866.0600,1,
2026-09-01 21:09:05,TRUMPUSDC,fixed_l,long,0.2000,0.2000,0.5000,0.3000,2.3383,2.3500,tp,0.500,0.000,0.00001,0.02,1,1,0.5000,1.0000,15047.5233,1,
2026-09-01 21:09:07,TRUMPUSDC,mom_l,long,0.3000,1.0000,0.8000,0.5000,2.3344,2.3531,tp,0.800,0.000,0.00001,0.02,1,1,0.8000,1.6000,58747.2924,1,
2026-09-01 21:09:10,ARBUSDC,deep_l,long,0.2000,0.5000,0.6000,0.5000,0.1088,0.1094,tp,0.600,0.000,0.00012,0.09,1,1,0.5999,1.1998,148929.4125,1,
2026-09-01 21:09:15,BOMEUSDC,mom_l,long,0.3000,1.0000,0.8000,0.5000,0.0009,0.0009,tp,0.800,0.000,0.00001,0.02,1,1,0.8000,1.6000,15941130.7059,1,
2026-09-01 21:09:21,ETHFIUSDC,deep_l,long,0.2000,0.5000,0.6000,0.5000,0.5571,0.5604,tp,0.600,0.000,0.00007,0.11,1,1,0.5999,1.1999,11692.1667,1,
2026-09-01 21:09:24,KAITOUSDC,fixed_l,long,0.2000,0.2000,0.5000,0.3000,0.2979,0.2994,tp,0.500,0.000,-0.00002,0.02,1,1,0.5000,1.0000,79930.3840,1,
2026-09-01 21:09:24,KAITOUSDC,adapt_l,long,0.1929,0.1929,0.6429,0.4018,0.2979,0.2998,tp,0.643,0.000,-0.00002,0.02,1,1,0.6430,1.2859,79939.1600,1,
2026-09-01 21:09:56,SOLUSDC,fixed_l,long,0.2000,0.2000,0.5000,0.3000,101.3868,101.8938,tp,0.500,0.000,-0.00006,0.05,1,1,0.5001,1.0001,7227.0475,1,
2026-09-01 21:10:03,LINKUSDC,adapt_l,long,0.2336,0.2336,0.7787,0.4867,11.3125,11.4006,tp,0.779,0.000,0.00006,0.05,1,1,0.7787,1.5573,5044.2425,1,
2026-09-01 21:10:08,LTCUSDC,adapt_l,long,0.1657,0.1657,0.5522,0.3451,48.9288,49.1990,tp,0.552,0.000,-0.00012,0.53,1,1,0.5523,1.1046,1863.9449,1,
2026-09-01 21:10:10,UNIUSDC,deep_l,long,0.2000,0.5000,0.6000,0.5000,5.6576,5.6915,tp,0.600,0.000,0.00012,0.09,1,1,0.5999,1.1998,14447.5000,1,
2026-09-01 21:10:13,NEARUSDC,fixed_s,short,0.2000,0.2000,0.5000,0.3000,1.9669,1.9728,stop,-0.300,0.040,-0.00003,0.03,1,1,-0.3400,-0.6799,20418.3333,1,
2026-09-01 21:11:25,AVAXUSDC,fixed_l,long,0.2000,0.2000,0.5000,0.3000,7.2255,7.2616,tp,0.500,0.000,0.00006,0.07,1,1,0.4999,0.9999,6328.6725,1,
2026-09-01 21:11:27,AVAXUSDC,deep_l,long,0.2000,0.5000,0.6000,0.5000,7.2177,7.2610,tp,0.600,0.000,0.00006,0.07,1,1,0.5999,1.1999,12202.9387,1,
2026-09-01 21:11:28,LTCUSDC,fixed_s,short,0.2000,0.2000,0.5000,0.3000,49.0780,49.2252,stop,-0.300,0.040,0.00008,0.38,1,1,-0.3401,-0.6802,718.4058,1,
2026-09-01 21:11:28,LTCUSDC,adapt_s,short,0.1698,0.1698,0.5659,0.3537,49.0631,49.2367,stop,-0.354,0.040,0.00008,0.38,1,1,-0.3937,-0.7875,418.4833,1,
2026-09-01 21:11:33,NEARUSDC,adapt_l,long,0.3657,0.3657,1.2190,0.7619,1.9508,1.9746,tp,1.219,0.000,0.00009,0.07,1,1,1.2189,2.4378,28450.6667,1,
2026-09-01 21:12:35,DOGEUSDC,fixed_l,long,0.2000,0.2000,0.5000,0.3000,0.0821,0.0825,tp,0.500,0.000,0.00012,0.09,1,1,0.4999,0.9998,2155352.0000,1,
2026-09-01 21:17:17,TIAUSDC,fixed_s,short,0.2000,0.2000,0.5000,0.3000,0.3457,0.3467,stop,-0.300,0.040,0.00005,0.05,1,1,-0.3400,-0.6801,17442.8000,1,
2026-09-01 21:17:38,CRVUSDC,fixed_s,short,0.2000,0.2000,0.5000,0.3000,0.3682,0.3664,tp,0.500,0.000,-0.00000,0.00,1,1,0.5000,1.0000,107769.2822,1,
2026-09-01 21:17:46,NEOUSDC,deep_l,long,0.2000,0.5000,0.6000,0.5000,2.0288,2.0410,tp,0.600,0.000,0.00021,0.17,1,1,0.5998,1.1996,1420.5003,1,
2026-09-01 21:18:31,NEARUSDC,fixed_s,short,0.2000,0.2000,0.5000,0.3000,1.9769,1.9829,stop,-0.300,0.040,-0.00009,0.07,1,1,-0.3399,-0.6798,9136.6667,1,
2026-09-01 21:18:41,WIFUSDC,fixed_s,short,0.2000,0.2000,0.5000,0.3000,0.1985,0.1991,stop,-0.300,0.040,-0.00010,0.16,1,1,-0.3399,-0.6798,40832.6333,1,
2026-09-01 21:18:52,ARBUSDC,mom_l,long,0.3000,1.0000,0.8000,0.5000,0.1087,0.1095,tp,0.800,0.000,0.00032,0.26,1,1,0.7997,1.5994,155117.6500,1,
2026-09-01 21:20:32,CRVUSDC,mom_s,short,0.3000,1.0000,0.8000,0.5000,0.3680,0.3651,tp,0.800,0.000,-0.00005,0.04,1,1,0.8001,1.6001,112961.8135,1,
2026-09-01 21:22:58,ORDIUSDC,fixed_s,short,0.2000,0.2000,0.5000,0.3000,3.9058,3.9175,stop,-0.300,0.040,-0.00004,0.07,1,1,-0.3400,-0.6799,1205.9875,1,
2026-09-01 21:24:28,ARBUSDC,fixed_s,short,0.2000,0.2000,0.5000,0.3000,0.1101,0.1105,stop,-0.300,0.040,-0.00006,0.04,1,1,-0.3399,-0.6799,227039.8545,1,
2026-09-01 21:25:33,LTCUSDC,deep_s,short,0.2000,0.5000,0.6000,0.5000,49.2249,49.4710,stop,-0.500,0.040,0.00004,0.23,1,1,-0.5400,-1.0801,1959.6101,1,
2026-09-01 21:26:05,ARBUSDC,adapt_l,long,0.7798,0.7798,2.5994,1.6246,0.1098,0.1102,timeout,0.349,0.040,0.00102,0.82,1,1,0.3080,0.6159,120101.3600,1,
2026-09-01 21:26:06,ARBUSDC,deep_s,short,0.2000,0.5000,0.6000,0.5000,0.1105,0.1098,tp,0.600,0.000,-0.00008,0.07,1,1,0.6001,1.2002,218493.6227,1,
2026-09-01 21:26:57,XRPUSDC,fixed_l,long,0.2000,0.2000,0.5000,0.3000,1.3611,1.3679,tp,0.500,0.000,0.00042,0.33,1,1,0.4996,0.9992,133848.4750,1,
2026-09-01 21:27:07,LTCUSDC,fixed_s,short,0.2000,0.2000,0.5000,0.3000,49.3385,49.4865,stop,-0.300,0.040,0.00001,0.05,1,0,-0.3400,-0.6800,377.1200,1,
2026-09-01 21:27:27,WIFUSDC,adapt_l,long,0.3515,0.3515,1.1718,0.7324,0.1975,0.1998,tp,1.172,0.000,0.00048,0.77,1,1,1.1713,2.3426,50783.4000,1,
2026-09-01 21:27:40,BIOUSDC,adapt_l,long,0.2344,0.2344,0.7813,0.4883,0.0258,0.0260,tp,0.781,0.000,0.00021,0.33,1,1,0.7811,1.5622,143216.8000,1,
2026-09-01 21:28:28,LINKUSDC,deep_l,long,0.2000,0.5000,0.6000,0.5000,11.3589,11.3780,timeout,0.168,0.040,0.00102,0.82,1,1,0.1270,0.2539,5837.4700,1,
2026-09-01 21:30:08,TIAUSDC,fixed_s,short,0.2000,0.2000,0.5000,0.3000,0.3475,0.3485,stop,-0.300,0.040,0.00014,0.12,1,1,-0.3401,-0.6803,8700.2500,1,
2026-09-01 21:30:09,TIAUSDC,deep_s,short,0.2000,0.5000,0.6000,0.5000,0.3467,0.3485,stop,-0.500,0.040,0.00025,0.21,1,1,-0.5402,-1.0805,57855.0000,1,
2026-09-01 21:30:10,TIAUSDC,mom15_l,long,0.5000,2.5000,2.0000,0.8000,0.3415,0.3484,tp,2.000,0.000,-0.00044,0.38,1,1,2.0004,4.0009,83711.4211,1,
2026-09-01 21:31:14,DOGEUSDC,deep_l,long,0.2000,0.5000,0.6000,0.5000,0.0821,0.0826,tp,0.600,0.000,0.00050,0.40,1,1,0.5995,1.1990,2618790.1154,1,
2026-09-01 21:31:19,XRPUSDC,adapt_l,long,0.1989,0.1989,0.6632,0.4145,1.3611,1.3701,tp,0.663,0.000,0.00050,0.40,1,1,0.6627,1.3253,140197.1250,1,
2026-09-01 21:31:49,WIFUSDC,fixed_s,short,0.2000,0.2000,0.5000,0.3000,0.1997,0.2003,stop,-0.300,0.040,-0.00004,0.07,1,1,-0.3400,-0.6799,20354.4167,1,
2026-09-01 21:31:50,WIFUSDC,adapt_s,short,0.3631,0.3631,1.2102,0.7564,0.1988,0.2003,stop,-0.756,0.040,-0.00022,0.35,1,1,-0.7961,-1.5923,73417.8000,1,
2026-09-01 21:31:50,WIFUSDC,deep_s,short,0.2000,0.5000,0.6000,0.5000,0.1993,0.2003,stop,-0.500,0.040,-0.00013,0.21,1,1,-0.5399,-1.0797,77875.5793,1,
2026-09-01 21:31:54,ORDIUSDC,adapt_s,short,0.2655,0.2655,0.8849,0.5531,3.9083,3.9300,stop,-0.553,0.040,-0.00013,0.21,1,1,-0.5929,-1.1859,2356.0000,1,
2026-09-01 21:31:56,WLDUSDC,fixed_s,short,0.2000,0.2000,0.5000,0.3000,0.3694,0.3705,stop,-0.300,0.040,-0.00007,0.07,1,1,-0.3399,-0.6799,55004.4571,1,
2026-09-01 21:32:00,TRUMPUSDC,fixed_s,short,0.2000,0.2000,0.5000,0.3000,2.3597,2.3668,stop,-0.300,0.040,-0.00006,0.10,1,1,-0.3399,-0.6799,41207.0415,1,
2026-09-01 21:32:06,BIOUSDC,fixed_s,short,0.2000,0.2000,0.5000,0.3000,0.0260,0.0260,stop,-0.300,0.040,-0.00004,0.07,1,1,-0.3400,-0.6799,240890.0000,1,
2026-09-01 21:32:06,BIOUSDC,adapt_s,short,0.2439,0.2439,0.8129,0.5081,0.0260,0.0261,stop,-0.508,0.040,-0.00004,0.07,1,1,-0.5480,-1.0961,343175.0000,1,
2026-09-01 21:32:18,ETHFIUSDC,fixed_s,short,0.2000,0.2000,0.5000,0.3000,0.5617,0.5634,stop,-0.300,0.040,-0.00006,0.10,1,1,-0.3399,-0.6799,12496.3231,1,
2026-09-01 21:32:22,KAITOUSDC,fixed_s,short,0.2000,0.2000,0.5000,0.3000,0.3008,0.3017,stop,-0.300,0.040,0.00017,0.33,1,1,-0.3402,-0.6803,59193.4400,1,
2026-09-01 21:32:51,ETHUSDC,adapt_l,long,0.1351,0.1351,0.4503,0.2814,2435.1659,2446.1314,tp,0.450,0.000,-0.00008,0.43,1,1,0.4504,0.9008,41.9482,1,
2026-09-01 21:32:53,SOLUSDC,adapt_l,long,0.1843,0.1843,0.6144,0.3840,101.4027,102.0258,tp,0.614,0.000,-0.00052,0.43,1,1,0.6149,1.2299,6706.8575,1,
2026-09-01 21:32:58,BNBUSDC,adapt_l,long,0.0885,0.0885,0.2950,0.1844,685.2230,687.2445,tp,0.295,0.000,0.00008,0.43,1,1,0.2949,0.5899,30.4725,1,
2026-09-01 21:32:59,XRPUSDC,fixed_s,short,0.2000,0.2000,0.5000,0.3000,1.3671,1.3712,stop,-0.300,0.040,-0.00012,0.10,1,1,-0.3399,-0.6798,259231.0500,1,
2026-09-01 21:33:00,LINKUSDC,fixed_s,short,0.2000,0.2000,0.5000,0.3000,11.3947,11.4289,stop,-0.300,0.040,-0.00048,0.38,1,1,-0.3395,-0.6790,4201.4325,1,
2026-09-01 21:33:32,ARBUSDC,fixed_s,short,0.2000,0.2000,0.5000,0.3000,0.1109,0.1113,stop,-0.300,0.040,-0.00004,0.03,1,1,-0.3400,-0.6799,179527.8750,1,
2026-09-01 21:35:03,CRVUSDC,fixed_s,short,0.2000,0.2000,0.5000,0.3000,0.3666,0.3648,tp,0.500,0.000,-0.00015,0.12,1,1,0.5002,1.0003,20475.0500,1,
2026-09-01 21:35:56,NEARUSDC,fixed_s,short,0.2000,0.2000,0.5000,0.3000,1.9840,1.9899,stop,-0.300,0.040,-0.00018,0.15,1,1,-0.3398,-0.6796,10029.8333,1,
2026-09-01 21:35:57,NEARUSDC,deep_s,short,0.2000,0.5000,0.6000,0.5000,1.9788,1.9887,stop,-0.500,0.040,-0.00045,0.36,1,1,-0.5395,-1.0791,37102.0769,1,
2026-09-01 21:37:18,LINKUSDC,deep_s,short,0.2000,0.5000,0.6000,0.5000,11.4289,11.3603,tp,0.600,0.000,-0.00009,0.07,1,1,0.6001,1.2002,5818.0405,1,
2026-09-01 21:38:04,ARBUSDC,fixed_s,short,0.2000,0.2000,0.5000,0.3000,0.1112,0.1107,tp,0.500,0.000,-0.00003,0.02,1,1,0.5000,1.0001,188973.2000,1,
2026-09-01 21:38:05,ARBUSDC,deep_s,short,0.2000,0.5000,0.6000,0.5000,0.1113,0.1106,tp,0.600,0.000,-0.00009,0.07,1,1,0.6001,1.2002,153759.1000,1,
2026-09-01 21:38:52,BTCUSDC,adapt_s,short,0.1235,0.1235,0.4117,0.2573,77882.2813,77561.6147,tp,0.412,0.000,-0.00002,0.13,1,1,0.4117,0.8235,3.3061,1,
2026-09-01 21:39:01,DOGEUSDC,fixed_s,short,0.2000,0.2000,0.5000,0.3000,0.0827,0.0822,tp,0.500,0.000,-0.00013,0.10,1,1,0.5001,1.0003,2215844.8750,1,
2026-09-01 21:39:04,BNBUSDC,adapt_s,short,0.0908,0.0908,0.3026,0.1891,686.7728,684.6949,tp,0.303,0.000,-0.00002,0.13,1,1,0.3026,0.6052,57.6893,1,
2026-09-01 21:39:06,XRPUSDC,deep_s,short,0.2000,0.5000,0.6000,0.5000,1.3712,1.3630,tp,0.600,0.000,-0.00013,0.10,1,1,0.6001,1.2003,271743.2812,1,
2026-09-01 21:39:44,ORDIUSDC,fixed_s,short,0.2000,0.2000,0.5000,0.3000,3.9288,3.9092,tp,0.500,0.000,-0.00008,0.13,1,1,0.5001,1.0002,614.4600,1,
2026-09-01 21:39:47,WLDUSDC,fixed_l,long,0.2000,0.2000,0.5000,0.3000,0.3680,0.3669,stop,-0.300,0.040,0.00000,0.00,1,1,-0.3400,-0.6800,22838.3750,1,
2026-09-01 21:39:49,WLDUSDC,deep_s,short,0.2000,0.5000,0.6000,0.5000,0.3695,0.3673,tp,0.600,0.000,-0.00020,0.20,1,1,0.6002,1.2004,75931.9971,1,
2026-09-01 21:40:07,ETHFIUSDC,deep_s,short,0.2000,0.5000,0.6000,0.5000,0.5634,0.5600,tp,0.600,0.000,-0.00008,0.13,1,1,0.6001,1.2002,21229.4412,1,
2026-09-01 21:40:39,ETHUSDC,adapt_s,short,0.1405,0.1405,0.4682,0.2926,2443.7074,2432.2667,tp,0.468,0.000,0.00003,0.16,1,1,0.4681,0.9363,53.3515,1,
2026-09-01 21:40:41,SOLUSDC,fixed_s,short,0.2000,0.2000,0.5000,0.3000,101.9435,101.4338,tp,0.500,0.000,0.00020,0.16,1,1,0.4998,0.9996,10721.7750,1,
2026-09-01 21:40:45,DOGEUSDC,adapt_s,short,0.1845,0.1845,0.6149,0.3843,0.0826,0.0821,tp,0.615,0.000,-0.00016,0.13,1,1,0.6150,1.2301,2173124.8125,1,
2026-09-01 21:41:27,TRUMPUSDC,fixed_l,long,0.2000,0.2000,0.5000,0.3000,2.3533,2.3462,stop,-0.300,0.040,0.00000,0.00,1,1,-0.3400,-0.6800,10129.8450,1,
2026-09-01 21:41:29,TRUMPUSDC,deep_s,short,0.2000,0.5000,0.6000,0.5000,2.3668,2.3526,tp,0.600,0.000,-0.00010,0.16,1,1,0.6001,1.2002,60185.7395,1,
2026-09-01 21:41:40,CRVUSDC,fixed_l,long,0.2000,0.2000,0.5000,0.3000,0.3635,0.3624,stop,-0.300,0.040,0.00004,0.03,1,1,-0.3400,-0.6801,87134.6500,1,
2026-09-01 21:41:49,KAITOUSDC,deep_s,short,0.2000,0.5000,0.6000,0.5000,0.3017,0.2999,tp,0.600,0.000,0.00011,0.16,1,1,0.5999,1.1998,69589.0529,1,
2026-09-01 21:42:24,SOLUSDC,adapt_s,short,0.1881,0.1881,0.6271,0.3919,101.9314,101.2922,tp,0.627,0.000,0.00024,0.19,1,1,0.6268,1.2537,10392.7913,1,
2026-09-01 21:42:33,LINKUSDC,adapt_s,short,0.2381,0.2381,0.7936,0.4960,11.3991,11.3086,tp,0.794,0.000,-0.00068,0.54,1,1,0.7943,1.5885,5195.0475,1,
2026-09-01 21:42:36,ADAUSDC,fixed_l,long,0.2000,0.2000,0.5000,0.3000,0.1972,0.1966,stop,-0.300,0.040,0.00002,0.06,1,1,-0.3400,-0.6800,56951.8500,1,
2026-09-01 21:42:42,LTCUSDC,fixed_l,long,0.2000,0.2000,0.5000,0.3000,49.1914,49.0438,stop,-0.300,0.040,-0.00003,0.13,1,1,-0.3400,-0.6799,808.9855,1,
2026-09-01 21:42:45,UNIUSDC,fixed_l,long,0.2000,0.2000,0.5000,0.3000,5.7165,5.6994,stop,-0.300,0.040,0.00011,0.09,1,1,-0.3401,-0.6802,14737.6667,1,
2026-09-01 21:42:51,NEARUSDC,fixed_l,long,0.2000,0.2000,0.5000,0.3000,1.9740,1.9681,stop,-0.300,0.040,0.00007,0.06,1,1,-0.3401,-0.6801,15249.0000,1,
2026-09-01 21:42:58,TIAUSDC,fixed_l,long,0.2000,0.2000,0.5000,0.3000,0.3458,0.3448,stop,-0.300,0.040,-0.00007,0.06,1,1,-0.3399,-0.6799,4629.0000,1,
2026-09-01 21:43:15,ORDIUSDC,mom_s,short,0.3000,1.0000,0.8000,0.5000,3.9329,3.9015,tp,0.800,0.000,-0.00012,0.19,1,1,0.8001,1.6002,7756.1182,1,
2026-09-01 21:43:23,TRUMPUSDC,deep_l,long,0.2000,0.5000,0.6000,0.5000,2.3462,2.3603,tp,0.600,0.000,0.00002,0.03,1,1,0.6000,1.2000,34370.2800,1,
2026-09-01 21:43:34,BOMEUSDC,fixed_l,long,0.2000,0.2000,0.5000,0.3000,0.0009,0.0009,tp,0.500,0.000,0.00000,0.00,1,1,0.5000,1.0000,16286584.0000,1,
2026-09-01 21:43:38,CRVUSDC,deep_l,long,0.2000,0.5000,0.6000,0.5000,0.3624,0.3646,tp,0.600,0.000,0.00004,0.03,1,1,0.6000,1.1999,102627.5462,1,
2026-09-01 21:44:20,BTCUSDC,adapt_l,long,0.1219,0.1219,0.4064,0.2540,77583.4019,77898.6775,tp,0.406,0.000,0.00002,0.12,1,1,0.4064,0.8127,3.4038,1,
2026-09-01 21:44:24,SOLUSDC,fixed_l,long,0.2000,0.2000,0.5000,0.3000,101.3369,101.8436,tp,0.500,0.000,-0.00004,0.03,1,1,0.5000,1.0001,8065.5667,1,
2026-09-01 21:44:33,ADAUSDC,deep_l,long,0.2000,0.5000,0.6000,0.5000,0.1966,0.1978,tp,0.600,0.000,0.00001,0.03,1,1,0.6000,1.2000,439737.2500,1,
2026-09-01 21:44:45,NEARUSDC,deep_l,long,0.2000,0.5000,0.6000,0.5000,1.9681,1.9799,tp,0.600,0.000,0.00004,0.03,1,1,0.6000,1.1999,28641.6667,1,
2026-09-01 21:44:50,TIAUSDC,deep_l,long,0.2000,0.5000,0.6000,0.5000,0.3448,0.3468,tp,0.600,0.000,-0.00004,0.03,1,1,0.6000,1.2001,18277.7500,1,
2026-09-01 21:45:02,WIFUSDC,fixed_l,long,0.2000,0.2000,0.5000,0.3000,0.1992,0.2002,tp,0.500,0.000,0.00002,0.03,1,1,0.5000,1.0000,17768.7667,1,
2026-09-01 21:45:11,TRUMPUSDC,adapt_l,long,0.2801,0.2801,0.9337,0.5835,2.3514,2.3733,tp,0.934,0.000,0.00004,0.06,1,1,0.9336,1.8673,16372.8250,1,
2026-09-01 21:45:22,CRVUSDC,fixed_s,short,0.2000,0.2000,0.5000,0.3000,0.3651,0.3662,stop,-0.300,0.040,-0.00000,0.00,1,1,-0.3400,-0.6800,7190.8000,1,
2026-09-01 21:45:26,ETHFIUSDC,adapt_l,long,0.4839,0.4839,1.6129,1.0081,0.5604,0.5635,timeout,0.558,0.040,0.00051,0.81,1,1,0.5171,1.0342,12875.8864,1,
2026-09-01 21:46:35,FILUSDC,adapt_l,long,0.3468,0.3468,1.1559,0.7224,0.6913,0.6993,tp,1.156,0.000,0.00074,0.65,1,1,1.1551,2.3103,69791.8154,1,
2026-09-01 21:47:15,WLFIUSDC,deep_l,long,0.2000,0.5000,0.6000,0.5000,0.0565,0.0567,timeout,0.361,0.040,0.00051,0.82,1,1,0.3205,0.6409,445075.3333,1,
2026-09-01 21:47:42,ETHUSDC,fixed_l,long,0.2000,0.2000,0.5000,0.3000,2431.1380,2443.2937,tp,0.500,0.000,-0.00002,0.09,1,1,0.5000,1.0000,95.4483,1,
2026-09-01 21:47:42,ETHUSDC,adapt_l,long,0.1384,0.1384,0.4613,0.2883,2432.6387,2443.8608,tp,0.461,0.000,-0.00003,0.15,1,1,0.4613,0.9227,46.8135,1,
2026-09-01 21:47:49,DOGEUSDC,fixed_l,long,0.2000,0.2000,0.5000,0.3000,0.0822,0.0826,tp,0.500,0.000,0.00018,0.15,1,1,0.4998,0.9996,815106.5000,1,
2026-09-01 21:47:52,BNBUSDC,adapt_l,long,0.0875,0.0875,0.2916,0.1823,684.9403,686.9376,tp,0.292,0.000,0.00003,0.15,1,1,0.2916,0.5832,8.6450,1,
2026-09-01 21:47:54,XRPUSDC,fixed_l,long,0.2000,0.2000,0.5000,0.3000,1.3640,1.3708,tp,0.500,0.000,0.00018,0.15,1,1,0.4998,0.9996,79116.9000,1,
2026-09-01 21:47:55,XRPUSDC,adapt_l,long,0.2055,0.2055,0.6850,0.4282,1.3639,1.3732,tp,0.685,0.000,0.00018,0.15,1,1,0.6849,1.3697,125053.3000,1,
2026-09-01 21:47:55,XRPUSDC,adapt_s,short,0.2072,0.2072,0.6907,0.4317,1.3672,1.3731,stop,-0.432,0.040,-0.00043,0.35,1,1,-0.4713,-0.9426,254915.4167,1,
2026-09-01 21:47:57,LINKUSDC,fixed_l,long,0.2000,0.2000,0.5000,0.3000,11.3303,11.3869,tp,0.500,0.000,0.00015,0.12,1,1,0.4999,0.9997,1910.3867,1,
2026-09-01 21:48:02,ADAUSDC,adapt_l,long,0.2313,0.2313,0.7709,0.4818,0.1971,0.1987,tp,0.771,0.000,0.00004,0.15,1,1,0.7708,1.5417,143747.9000,1,
2026-09-01 21:48:06,AVAXUSDC,fixed_l,long,0.2000,0.2000,0.5000,0.3000,7.2405,7.2767,tp,0.500,0.000,0.00012,0.12,1,1,0.4999,0.9998,4461.1833,1,
2026-09-01 21:48:17,NEARUSDC,adapt_s,short,0.3677,0.3677,1.2256,0.7660,1.9803,1.9954,stop,-0.766,0.040,-0.00061,0.49,1,1,-0.8054,-1.6108,39021.8571,1,
2026-09-01 21:48:24,TIAUSDC,fixed_s,short,0.2000,0.2000,0.5000,0.3000,0.3495,0.3505,stop,-0.300,0.040,0.00000,0.00,1,1,-0.3400,-0.6800,70220.1818,1,
2026-09-01 21:48:25,TIAUSDC,adapt_s,short,0.4054,0.4054,1.3515,0.8447,0.3474,0.3503,stop,-0.845,0.040,0.00051,0.44,1,1,-0.8852,-1.7704,30250.8333,1,
2026-09-01 21:48:38,WIFUSDC,fixed_s,short,0.2000,0.2000,0.5000,0.3000,0.2008,0.2014,stop,-0.300,0.040,-0.00003,0.06,1,1,-0.3400,-0.6799,67925.1500,1,
2026-09-01 21:48:39,WIFUSDC,mom_s,short,0.3000,1.0000,0.8000,0.5000,0.2002,0.2012,stop,-0.500,0.040,-0.00017,0.28,1,1,-0.5398,-1.0797,146440.2229,1,
2026-09-01 21:48:43,ORDIUSDC,fixed_l,long,0.2000,0.2000,0.5000,0.3000,3.9092,3.9287,tp,0.500,0.000,0.00009,0.15,1,1,0.4999,0.9998,1490.9000,1,
2026-09-01 21:48:45,ORDIUSDC,deep_s,short,0.2000,0.5000,0.6000,0.5000,3.9175,3.9371,stop,-0.500,0.040,-0.00026,0.42,1,1,-0.5397,-1.0795,4429.9273,1,
2026-09-01 21:48:47,WLDUSDC,fixed_s,short,0.2000,0.2000,0.5000,0.3000,0.3685,0.3696,stop,-0.300,0.040,-0.00000,0.00,1,1,-0.3400,-0.6800,11681.3000,1,
2026-09-01 21:48:48,WLDUSDC,deep_l,long,0.2000,0.5000,0.6000,0.5000,0.3669,0.3691,tp,0.600,0.000,0.00015,0.15,1,1,0.5998,1.1997,60767.0000,1,
2026-09-01 21:48:55,ARBUSDC,deep_l,long,0.2000,0.5000,0.6000,0.5000,0.1103,0.1109,tp,0.600,0.000,0.00000,0.00,1,1,0.6000,1.2000,181691.1000,1,
2026-09-01 21:49:00,BIOUSDC,deep_s,short,0.2000,0.5000,0.6000,0.5000,0.0260,0.0262,stop,-0.500,0.040,-0.00017,0.28,1,1,-0.5398,-1.0797,425600.0909,1,
2026-09-01 21:49:50,SOLUSDC,adapt_l,long,0.1815,0.1815,0.6049,0.3781,101.4955,102.1094,tp,0.605,0.000,-0.00019,0.15,1,1,0.6051,1.2102,2729.1067,1,
2026-09-01 21:49:54,DOGEUSDC,adapt_l,long,0.1786,0.1786,0.5955,0.3722,0.0822,0.0827,tp,0.595,0.000,0.00023,0.18,1,1,0.5952,1.1904,737219.5000,1,
2026-09-01 21:50:04,ADAUSDC,mom_l,long,0.3000,1.0000,0.8000,0.5000,0.1972,0.1988,tp,0.800,0.000,0.00023,0.71,1,1,0.7998,1.5995,589571.2812,1,
2026-09-01 21:50:12,UNIUSDC,deep_l,long,0.2000,0.5000,0.6000,0.5000,5.6994,5.7336,tp,0.600,0.000,0.00016,0.12,1,1,0.5998,1.1997,12425.0000,1,
2026-09-01 21:50:17,NEARUSDC,fixed_s,short,0.2000,0.2000,0.5000,0.3000,1.9960,2.0020,stop,-0.300,0.040,-0.00004,0.04,1,1,-0.3400,-0.6799,14229.5000,1,
2026-09-01 21:50:20,SUIUSDC,adapt_s,short,0.2533,0.2533,0.8443,0.5277,0.7254,0.7293,stop,-0.528,0.040,-0.00082,0.66,1,1,-0.5669,-1.1337,31376.9000,1,
2026-09-01 21:50:39,ORDIUSDC,adapt_l,long,0.2661,0.2661,0.8869,0.5543,3.9066,3.9412,tp,0.887,0.000,0.00010,0.15,1,1,0.8868,1.7737,1471.6333,1,
2026-09-01 21:51:37,BTCUSDC,adapt_s,short,0.1307,0.1307,0.4358,0.2724,77901.9074,78114.0749,stop,-0.272,0.040,-0.00001,0.07,1,1,-0.3123,-0.6247,2.7363,1,
2026-09-01 21:51:44,BNBUSDC,adapt_s,short,0.0942,0.0942,0.3141,0.1963,686.2660,687.6131,stop,-0.196,0.040,-0.00002,0.09,1,1,-0.2363,-0.4726,47.7850,1,
2026-09-01 21:51:49,LINKUSDC,adapt_l,long,0.2386,0.2386,0.7955,0.4972,11.3259,11.4160,tp,0.795,0.000,0.00023,0.18,1,1,0.7953,1.5905,4105.6200,1,
2026-09-01 21:51:54,AVAXUSDC,adapt_l,long,0.2156,0.2156,0.7187,0.4492,7.2384,7.2904,tp,0.719,0.000,0.00082,0.79,1,1,0.7179,1.4358,9267.0938,1,
2026-09-01 21:52:29,ARBUSDC,fixed_l,long,0.2000,0.2000,0.5000,0.3000,0.1106,0.1103,stop,-0.300,0.040,0.00008,0.07,1,1,-0.3401,-0.6802,168167.9500,1,
2026-09-01 21:52:44,ETHFIUSDC,fixed_s,short,0.2000,0.2000,0.5000,0.3000,0.5651,0.5668,stop,-0.300,0.040,-0.00004,0.07,1,1,-0.3400,-0.6799,13428.9500,1,
2026-09-01 21:54:00,TIAUSDC,deep_s,short,0.2000,0.5000,0.6000,0.5000,0.3505,0.3523,stop,-0.500,0.040,0.00010,0.09,1,1,-0.5401,-1.0802,79280.5455,1,
2026-09-01 21:54:33,ARBUSDC,deep_l,long,0.2000,0.5000,0.6000,0.5000,0.1101,0.1095,stop,-0.500,0.040,0.00003,0.03,1,1,-0.5400,-1.0801,74933.3500,1,
2026-09-01 21:54:36,BIOUSDC,fixed_s,short,0.2000,0.2000,0.5000,0.3000,0.0262,0.0260,tp,0.500,0.000,-0.00006,0.09,1,1,0.5001,1.0001,626273.1000,1,
2026-09-01 21:55:25,ETHUSDC,deep_l,long,0.2000,0.5000,0.6000,0.5000,2435.4018,2440.0100,timeout,0.189,0.040,-0.00019,0.81,1,1,0.1494,0.2988,66.3817,1,
2026-09-01 21:55:50,NEARUSDC,deep_s,short,0.2000,0.5000,0.6000,0.5000,2.0020,2.0120,stop,-0.500,0.040,-0.00012,0.09,1,1,-0.5399,-1.0798,27722.6667,1,
2026-09-01 21:55:50,NEARUSDC,mom_s,short,0.3000,1.0000,0.8000,0.5000,1.9978,2.0078,stop,-0.500,0.040,-0.00016,0.13,1,1,-0.5398,-1.0797,103137.2812,1,
2026-09-01 21:55:57,TIAUSDC,mom_s,short,0.3000,1.0000,0.8000,0.5000,0.3525,0.3543,stop,-0.500,0.040,0.00003,0.04,1,1,-0.5400,-1.0801,89090.0476,1,
2026-09-01 21:56:04,HBARUSDC,deep_l,long,0.2000,0.5000,0.6000,0.5000,0.0747,0.0747,timeout,0.074,0.040,0.00029,0.81,1,1,0.0336,0.0673,330321.2000,1,
2026-09-01 21:56:19,ARBUSDC,fixed_l,long,0.2000,0.2000,0.5000,0.3000,0.1096,0.1093,stop,-0.300,0.040,0.00004,0.04,1,1,-0.3400,-0.6801,79536.6000,1,
2026-09-01 21:57:32,NEARUSDC,fixed_s,short,0.2000,0.2000,0.5000,0.3000,2.0030,2.0090,stop,-0.300,0.040,-0.00004,0.03,1,0,-0.3400,-0.6799,9742.0000,1,
2026-09-01 21:58:04,ARBUSDC,mom_l,long,0.3000,1.0000,0.8000,0.5000,0.1087,0.1096,tp,0.800,0.000,0.00004,0.03,1,1,0.8000,1.5999,183022.0304,1,
2026-09-01 21:59:31,TIAUSDC,fixed_s,short,0.2000,0.2000,0.5000,0.3000,0.3546,0.3557,stop,-0.300,0.040,0.00005,0.06,1,0,-0.3401,-0.6801,16594.0000,1,
2026-09-01 21:59:39,HBARUSDC,fixed_l,long,0.2000,0.2000,0.5000,0.3000,0.0746,0.0743,stop,-0.300,0.040,0.00012,0.33,1,1,-0.3401,-0.6802,87590.0000,1,
2026-09-01 21:59:40,HBARUSDC,adapt_l,long,0.1940,0.1940,0.6466,0.4041,0.0746,0.0743,stop,-0.404,0.040,0.00012,0.33,1,1,-0.4442,-0.8885,76872.5000,1,
2026-09-01 22:00:12,CRVUSDC,fixed_l,long,0.2000,0.2000,0.5000,0.3000,0.3634,0.3652,tp,0.500,0.000,0.00011,0.09,1,1,0.4999,0.9998,72280.7750,1,
2026-09-01 22:00:17,ETHFIUSDC,fixed_s,short,0.2000,0.2000,0.5000,0.3000,0.5695,0.5712,stop,-0.300,0.040,-0.00000,0.00,1,1,-0.3400,-0.6800,5107.7000,1,
2026-09-01 22:00:18,ETHFIUSDC,deep_s,short,0.2000,0.5000,0.6000,0.5000,0.5673,0.5702,stop,-0.500,0.040,-0.00007,0.12,1,1,-0.5399,-1.0799,13524.2167,1,
2026-09-01 22:00:54,SOLUSDC,fixed_s,short,0.2000,0.2000,0.5000,0.3000,102.1940,101.6830,tp,0.500,0.000,0.00024,0.19,1,1,0.4998,0.9995,4499.9050,1,
2026-09-01 22:01:16,UNIUSDC,fixed_l,long,0.2000,0.2000,0.5000,0.3000,5.6946,5.6775,stop,-0.300,0.040,0.00011,0.09,1,1,-0.3401,-0.6802,10598.5000,1,
2026-09-01 22:01:30,FILUSDC,fixed_s,short,0.2000,0.2000,0.5000,0.3000,0.7002,0.7023,stop,-0.300,0.040,-0.00030,0.25,1,1,-0.3397,-0.6794,85093.9484,1,
2026-09-01 22:01:47,TRUMPUSDC,fixed_l,long,0.2000,0.2000,0.5000,0.3000,2.3593,2.3711,tp,0.500,0.000,0.00003,0.06,1,1,0.5000,0.9999,23655.6900,1,
2026-09-01 22:02:06,KAITOUSDC,adapt_s,short,0.1945,0.1945,0.6483,0.4052,0.3008,0.3016,timeout,-0.271,0.040,0.00106,0.83,1,1,-0.3124,-0.6248,54247.2200,1,
2026-09-01 22:02:07,NEOUSDC,fixed_s,short,0.2000,0.2000,0.5000,0.3000,2.0431,2.0492,stop,-0.300,0.040,-0.00083,0.66,1,1,-0.3392,-0.6783,545.3479,1,
2026-09-01 22:02:33,BTCUSDC,fixed_s,short,0.2000,0.2000,0.5000,0.3000,77955.8004,78189.6678,stop,-0.300,0.040,-0.00004,0.25,1,1,-0.3400,-0.6799,4.3477,1,
2026-09-01 22:02:35,ETHUSDC,adapt_s,short,0.1422,0.1422,0.4741,0.2963,2442.6995,2449.9378,stop,-0.296,0.040,0.00006,0.25,1,1,-0.3364,-0.6728,33.1013,1,
2026-09-01 22:02:55,ADAUSDC,fixed_s,short,0.2000,0.2000,0.5000,0.3000,0.1990,0.1996,stop,-0.300,0.040,-0.00005,0.21,1,1,-0.3400,-0.6799,1606713.0167,1,
2026-09-01 22:02:58,LTCUSDC,fixed_s,short,0.2000,0.2000,0.5000,0.3000,49.3485,49.4965,stop,-0.300,0.040,0.00007,0.28,1,1,-0.3401,-0.6801,610.4900,1,
2026-09-01 22:02:59,LTCUSDC,adapt_l,long,0.1975,0.1975,0.6584,0.4115,49.1926,49.5165,tp,0.658,0.000,-0.00011,0.47,1,1,0.6585,1.3171,823.0250,1,
2026-09-01 22:02:59,LTCUSDC,adapt_s,short,0.1810,0.1810,0.6033,0.3771,49.3291,49.5151,stop,-0.377,0.040,0.00015,0.65,1,0,-0.4172,-0.8344,250.1440,1,
2026-09-01 22:03:25,WIFUSDC,fixed_l,long,0.2000,0.2000,0.5000,0.3000,0.2006,0.2016,tp,0.500,0.000,0.00004,0.06,1,1,0.5000,0.9999,12234.1500,1,
2026-09-01 22:03:59,ETHFIUSDC,mom_s,short,0.3000,1.0000,0.8000,0.5000,0.5687,0.5716,stop,-0.500,0.040,-0.00007,0.12,1,1,-0.5399,-1.0799,23635.6226,1,
2026-09-01 22:04:04,NEOUSDC,adapt_s,short,0.2361,0.2361,0.7870,0.4919,2.0438,2.0539,stop,-0.492,0.040,-0.00086,0.69,1,1,-0.5310,-1.0620,543.4165,1,
2026-09-01 22:06:59,LTCUSDC,mom_s,short,0.3000,1.0000,0.8000,0.5000,49.3890,49.6359,stop,-0.500,0.040,0.00018,0.71,1,1,-0.5402,-1.0804,3324.6152,1,
2026-09-01 22:07:25,HBARUSDC,deep_l,long,0.2000,0.5000,0.6000,0.5000,0.0742,0.0747,tp,0.600,0.000,0.00005,0.13,1,1,0.5999,1.1999,107452.0000,1,
2026-09-01 22:08:04,ETHFIUSDC,adapt_s,short,0.4877,0.4877,1.6258,1.0161,0.5673,0.5730,stop,-1.016,0.040,-0.00016,0.25,1,1,-1.0560,-2.1119,13151.2333,1,
2026-09-01 22:08:12,WLFIUSDC,fixed_l,long,0.2000,0.2000,0.5000,0.3000,0.0565,0.0568,tp,0.500,0.000,0.00020,0.32,1,1,0.4998,0.9996,267902.5714,1,
2026-09-01 22:08:13,WLFIUSDC,adapt_l,long,0.1800,0.1800,0.6000,0.3750,0.0566,0.0569,tp,0.600,0.000,0.00020,0.32,1,1,0.5998,1.1996,198955.5000,1,
2026-09-01 22:09:08,SUIUSDC,fixed_s,short,0.2000,0.2000,0.5000,0.3000,0.7309,0.7331,stop,-0.300,0.040,-0.00016,0.13,1,1,-0.3398,-0.6797,247453.4514,1,
2026-09-01 22:09:19,FILUSDC,mom_s,short,0.3000,1.0000,0.8000,0.5000,0.7006,0.7041,stop,-0.500,0.040,-0.00043,0.35,1,1,-0.5396,-1.0791,82064.4830,1,
2026-09-01 22:09:34,WLDUSDC,deep_s,short,0.2000,0.5000,0.6000,0.5000,0.3696,0.3715,stop,-0.500,0.040,-0.00040,0.35,1,1,-0.5396,-1.0792,38071.7333,1,
2026-09-01 22:09:36,TRUMPUSDC,adapt_s,short,0.3213,0.3213,1.0711,0.6695,2.3656,2.3814,stop,-0.669,0.040,-0.00034,0.65,1,1,-0.7091,-1.4182,58812.6386,1,
2026-09-01 22:09:52,CRVUSDC,fixed_s,short,0.2000,0.2000,0.5000,0.3000,0.3671,0.3682,stop,-0.300,0.040,-0.00016,0.13,1,1,-0.3398,-0.6797,31866.2000,1,
2026-09-01 22:10:02,KAITOUSDC,fixed_s,short,0.2000,0.2000,0.5000,0.3000,0.3017,0.3026,stop,-0.300,0.040,0.00040,0.28,1,1,-0.3404,-0.6808,27485.3000,1,
2026-09-01 22:10:42,XRPUSDC,fixed_s,short,0.2000,0.2000,0.5000,0.3000,1.3765,1.3807,stop,-0.300,0.040,-0.00016,0.13,1,1,-0.3398,-0.6797,211499.7667,1,
2026-09-01 22:10:46,LINKUSDC,fixed_s,short,0.2000,0.2000,0.5000,0.3000,11.4208,11.4551,stop,-0.300,0.040,-0.00017,0.13,1,1,-0.3398,-0.6797,4878.0844,1,
2026-09-01 22:10:58,LTCUSDC,deep_s,short,0.2000,0.5000,0.6000,0.5000,49.4962,49.7437,stop,-0.500,0.040,0.00003,0.13,1,1,-0.5400,-1.0801,1994.4015,1,
2026-09-01 22:11:02,UNIUSDC,deep_l,long,0.2000,0.5000,0.6000,0.5000,5.6775,5.7115,tp,0.600,0.000,0.00020,0.16,1,1,0.5998,1.1996,14911.0000,1,
2026-09-01 22:11:30,WIFUSDC,fixed_s,short,0.2000,0.2000,0.5000,0.3000,0.2017,0.2023,stop,-0.300,0.040,-0.00002,0.03,1,1,-0.3400,-0.6800,16039.8800,1,
2026-09-01 22:11:38,WLDUSDC,fixed_s,short,0.2000,0.2000,0.5000,0.3000,0.3708,0.3720,stop,-0.300,0.040,-0.00004,0.03,1,1,-0.3400,-0.6799,40899.5200,1,
2026-09-01 22:11:47,ARBUSDC,adapt_s,short,0.7523,0.7523,2.5078,1.5673,0.1106,0.1109,timeout,-0.339,0.040,-0.00103,0.82,1,1,-0.3776,-0.7552,136463.8667,1,
2026-09-01 22:12:11,KAITOUSDC,mom_s,short,0.3000,1.0000,0.8000,0.5000,0.3016,0.3016,timeout,-0.005,0.040,0.00123,0.80,1,1,-0.0459,-0.0917,61743.6813,1,
2026-09-01 22:13:51,CRVUSDC,deep_s,short,0.2000,0.5000,0.6000,0.5000,0.3693,0.3671,tp,0.600,0.000,-0.00008,0.07,1,1,0.6001,1.2002,120310.6184,1,
2026-09-01 22:13:55,ETHFIUSDC,fixed_s,short,0.2000,0.2000,0.5000,0.3000,0.5735,0.5707,tp,0.500,0.000,-0.00004,0.07,1,1,0.5000,1.0001,10675.7500,1,
2026-09-01 22:14:51,UNIUSDC,adapt_s,short,0.5994,0.5994,1.9982,1.2488,5.7563,5.6810,timeout,1.308,0.040,-0.00103,0.82,1,1,1.2692,2.5383,17129.6667,1,
2026-09-01 22:16:43,AVAXUSDC,fixed_s,short,0.2000,0.2000,0.5000,0.3000,7.3016,7.3235,stop,-0.300,0.040,-0.00015,0.13,1,1,-0.3399,-0.6797,10254.3187,1,
2026-09-01 22:16:57,NEARUSDC,fixed_s,short,0.2000,0.2000,0.5000,0.3000,2.0230,2.0291,stop,-0.300,0.040,-0.00020,0.16,1,1,-0.3398,-0.6796,12595.5000,1,
2026-09-01 22:17:22,WIFUSDC,deep_s,short,0.2000,0.5000,0.6000,0.5000,0.2014,0.2024,stop,-0.500,0.040,-0.00030,0.48,1,1,-0.5397,-1.0794,130563.7500,1,
2026-09-01 22:19:10,TIAUSDC,mom_s,short,0.3000,1.0000,0.8000,0.5000,0.3576,0.3548,tp,0.800,0.000,0.00013,0.17,1,1,0.7999,1.5997,66469.0000,1,
2026-09-01 22:21:05,FILUSDC,fixed_s,short,0.2000,0.2000,0.5000,0.3000,0.7038,0.7059,stop,-0.300,0.040,-0.00025,0.20,1,1,-0.3398,-0.6795,45320.4000,1,
2026-09-01 22:21:06,FILUSDC,deep_s,short,0.2000,0.5000,0.6000,0.5000,0.7023,0.7058,stop,-0.500,0.040,-0.00041,0.33,1,1,-0.5396,-1.0792,84462.7042,1,
2026-09-01 22:21:23,WLDUSDC,adapt_s,short,0.3609,0.3609,1.2030,0.7519,0.3700,0.3701,timeout,-0.019,0.040,-0.00095,0.82,1,1,-0.0578,-0.1156,105147.3294,1,
2026-09-01 22:21:31,ARBUSDC,fixed_l,long,0.2000,0.2000,0.5000,0.3000,0.1103,0.1100,stop,-0.300,0.040,0.00004,0.03,1,1,-0.3400,-0.6801,145032.1250,1,
2026-09-01 22:21:37,BIOUSDC,mom_s,short,0.3000,1.0000,0.8000,0.5000,0.0261,0.0260,timeout,0.378,0.040,-0.00051,0.82,1,1,0.3380,0.6760,1053969.0000,1,
2026-09-01 22:21:43,CRVUSDC,mom_s,short,0.3000,1.0000,0.8000,0.5000,0.3678,0.3649,tp,0.800,0.000,-0.00029,0.23,1,1,0.8003,1.6006,111379.1815,1,
2026-09-01 22:23:12,FILUSDC,adapt_s,short,0.3443,0.3443,1.1476,0.7172,0.7007,0.7057,stop,-0.717,0.040,-0.00072,0.58,1,1,-0.7565,-1.5130,67707.6300,1,
2026-09-01 22:23:27,ORDIUSDC,fixed_s,short,0.2000,0.2000,0.5000,0.3000,3.9489,3.9291,tp,0.500,0.000,-0.00021,0.33,1,1,0.5002,1.0004,2912.8111,1,
2026-09-01 22:23:53,BOMEUSDC,adapt_s,short,0.2625,0.2625,0.8751,0.5470,0.0009,0.0009,timeout,0.091,0.040,-0.00052,0.82,1,1,0.0513,0.1027,18999953.3143,1,
2026-09-01 22:23:56,CRVUSDC,fixed_l,long,0.2000,0.2000,0.5000,0.3000,0.3659,0.3648,stop,-0.300,0.040,0.00008,0.06,1,1,-0.3401,-0.6802,27282.5500,1,
2026-09-01 22:25:08,NEARUSDC,deep_s,short,0.2000,0.5000,0.6000,0.5000,2.0291,2.0392,stop,-0.500,0.040,-0.00017,0.14,1,1,-0.5398,-1.0797,41611.4286,1,
2026-09-01 22:25:11,NEARUSDC,mom_s,short,0.3000,1.0000,0.8000,0.5000,2.0240,2.0342,stop,-0.500,0.040,-0.00038,0.30,1,1,-0.5396,-1.0792,56979.8000,1,
2026-09-01 22:25:12,NEARUSDC,mom15_s,short,0.5000,2.5000,2.0000,0.8000,2.0203,2.0364,stop,-0.800,0.040,-0.00046,0.37,1,1,-0.8395,-1.6791,97594.6667,1,
2026-09-01 22:26:20,NEOUSDC,fixed_s,short,0.2000,0.2000,0.5000,0.3000,2.0571,2.0633,stop,-0.300,0.040,-0.00021,0.17,1,1,-0.3398,-0.6796,343.2287,1,
2026-09-01 22:26:21,NEOUSDC,deep_s,short,0.2000,0.5000,0.6000,0.5000,2.0492,2.0594,stop,-0.500,0.040,-0.00050,0.40,1,1,-0.5395,-1.0790,1909.2348,1,
2026-09-01 22:26:22,NEOUSDC,mom_s,short,0.3000,1.0000,0.8000,0.5000,2.0533,2.0636,stop,-0.500,0.040,-0.00050,0.40,1,1,-0.5395,-1.0790,6037.8523,1,
2026-09-01 22:27:15,NEARUSDC,fixed_s,short,0.2000,0.2000,0.5000,0.3000,2.0351,2.0412,stop,-0.300,0.040,-0.00004,0.04,1,0,-0.3400,-0.6799,9195.0000,1,
2026-09-01 22:27:36,WIFUSDC,adapt_s,short,0.3714,0.3714,1.2379,0.7737,0.2012,0.2028,stop,-0.774,0.040,-0.00041,0.65,1,1,-0.8133,-1.6266,34527.4333,1,
2026-09-01 22:29:14,UNIUSDC,mom15_s,short,0.5000,2.5000,2.0000,0.8000,0.0000,5.9819,expired,0.000,0.000,0.00000,2.01,0,0,0.0000,0.0000,0.0000,1,
2026-09-01 22:29:15,UNIUSDC,mom30_s,short,0.7000,3.0000,3.0000,1.0000,0.0000,6.0111,expired,0.000,0.000,0.00000,2.01,0,0,0.0000,0.0000,0.0000,1,
2026-09-01 22:29:23,TIAUSDC,fixed_l,long,0.2000,0.2000,0.5000,0.3000,0.3531,0.3520,stop,-0.300,0.040,-0.00009,0.11,1,1,-0.3399,-0.6798,53387.9286,1,
2026-09-01 22:29:52,TRUMPUSDC,mom15_s,short,0.5000,2.5000,2.0000,0.8000,0.0000,2.4210,expired,0.000,0.000,0.00000,2.01,0,0,0.0000,0.0000,0.0000,1,
2026-09-01 22:29:53,ARBUSDC,fixed_l,long,0.2000,0.2000,0.5000,0.3000,0.1087,0.1092,tp,0.500,0.000,0.00000,0.00,1,1,0.5000,1.0000,42405.4000,1,
2026-09-01 22:29:54,ARBUSDC,fixed_s,short,0.2000,0.2000,0.5000,0.3000,0.1117,0.1111,tp,0.500,0.000,-0.00000,0.00,1,1,0.5000,1.0000,189335.5000,1,
2026-09-01 22:29:54,ARBUSDC,adapt_l,long,0.7696,0.7696,2.5653,1.6033,0.1089,0.1117,tp,2.565,0.000,0.00069,0.55,1,1,2.5646,5.1293,153391.7333,1,
2026-09-01 22:29:55,ARBUSDC,deep_l,long,0.2000,0.5000,0.6000,0.5000,0.1087,0.1093,tp,0.600,0.000,0.00000,0.00,1,1,0.6000,1.2000,135624.2333,1,
2026-09-01 22:29:55,ARBUSDC,deep_s,short,0.2000,0.5000,0.6000,0.5000,0.1120,0.1113,tp,0.600,0.000,-0.00000,0.00,1,1,0.6000,1.2000,180686.9800,1,
2026-09-01 22:29:56,ARBUSDC,mom_l,long,0.3000,1.0000,0.8000,0.5000,0.1089,0.1098,tp,0.800,0.000,0.00000,0.00,1,1,0.8000,1.6000,131146.3200,1,
2026-09-01 22:29:58,ARBUSDC,mom30_s,short,0.7000,3.0000,3.0000,1.0000,0.1128,0.1094,tp,3.000,0.000,-0.00000,0.00,1,1,3.0000,6.0000,205375.9790,1,
2026-09-01 22:30:06,BOMEUSDC,fixed_s,short,0.2000,0.2000,0.5000,0.3000,0.0009,0.0009,tp,0.500,0.000,-0.00043,0.68,1,1,0.5004,1.0009,19781387.4923,1,
2026-09-01 22:30:19,ETHFIUSDC,mom15_s,short,0.5000,2.5000,2.0000,0.8000,0.0000,0.5814,expired,0.000,0.000,0.00000,2.01,0,0,0.0000,0.0000,0.0000,1,
2026-09-01 22:30:19,ETHFIUSDC,mom30_s,short,0.7000,3.0000,3.0000,1.0000,0.0000,0.5842,expired,0.000,0.000,0.00000,2.01,0,0,0.0000,0.0000,0.0000,1,
2026-09-01 22:31:17,UNIUSDC,adapt_l,long,0.5935,0.5935,1.9784,1.2365,5.6940,5.7190,timeout,0.439,0.040,0.00101,0.81,1,1,0.3980,0.7960,14323.1667,1,
2026-09-01 22:33:16,WIFUSDC,fixed_s,short,0.2000,0.2000,0.5000,0.3000,0.2029,0.2019,tp,0.500,0.000,-0.00006,0.10,1,1,0.5001,1.0001,67320.2000,1,
2026-09-01 22:33:35,BOMEUSDC,mom_s,short,0.3000,1.0000,0.8000,0.5000,0.0009,0.0009,tp,0.800,0.000,-0.00043,0.68,1,1,0.8004,1.6009,19843396.7455,1,
2026-09-01 22:34:59,TIAUSDC,deep_l,long,0.2000,0.5000,0.6000,0.5000,0.3520,0.3503,stop,-0.500,0.040,-0.00007,0.09,1,1,-0.5399,-1.0799,64522.4118,1,
2026-09-01 22:35:34,ARBUSDC,fixed_s,short,0.2000,0.2000,0.5000,0.3000,0.1097,0.1100,stop,-0.300,0.040,-0.00000,0.00,1,1,-0.3400,-0.6800,109188.2667,1,
2026-09-01 22:35:34,ARBUSDC,deep_s,short,0.2000,0.5000,0.6000,0.5000,0.1100,0.1093,tp,0.600,0.000,-0.00000,0.00,1,1,0.6000,1.2000,181130.5667,1,
2026-09-01 22:35:35,ARBUSDC,mom15_s,short,0.5000,2.5000,2.0000,0.8000,0.0000,0.1135,expired,0.000,0.000,0.00000,2.02,0,0,0.0000,0.0000,0.0000,1,
2026-09-01 22:35:38,BIOUSDC,adapt_s,short,0.2532,0.2532,0.8439,0.5274,0.0262,0.0260,tp,0.844,0.000,-0.00049,0.78,1,1,0.8444,1.6888,677197.7000,1,
2026-09-01 22:35:46,CRVUSDC,mom15_s,short,0.5000,2.5000,2.0000,0.8000,0.0000,0.3735,expired,0.000,0.000,0.00000,2.02,0,0,0.0000,0.0000,0.0000,1,
2026-09-01 22:35:49,ETHFIUSDC,fixed_s,short,0.2000,0.2000,0.5000,0.3000,0.5729,0.5747,stop,-0.300,0.040,-0.00008,0.12,1,1,-0.3399,-0.6798,17764.3857,1,
2026-09-01 22:37:01,FILUSDC,fixed_s,short,0.2000,0.2000,0.5000,0.3000,0.7077,0.7098,stop,-0.300,0.040,-0.00025,0.20,1,1,-0.3398,-0.6795,35610.6500,1,
2026-09-01 22:38:22,SOLUSDC,adapt_s,short,0.1895,0.1895,0.6315,0.3947,102.1832,102.2400,timeout,-0.056,0.040,0.00101,0.81,1,1,-0.0966,-0.1931,4448.2200,1,
2026-09-01 22:39:15,TRUMPUSDC,fixed_l,long,0.2000,0.2000,0.5000,0.3000,2.3693,2.3811,tp,0.500,0.000,0.00013,0.33,1,1,0.4999,0.9997,20503.8250,1,
2026-09-01 22:39:15,TRUMPUSDC,fixed_s,short,0.2000,0.2000,0.5000,0.3000,2.3777,2.3849,stop,-0.300,0.040,-0.00023,0.60,1,1,-0.3398,-0.6795,71325.0233,1,
2026-09-01 22:39:18,ARBUSDC,fixed_s,short,0.2000,0.2000,0.5000,0.3000,0.1106,0.1109,stop,-0.300,0.040,-0.00000,0.00,1,1,-0.3400,-0.6800,88115.2000,1,
2026-09-01 22:40:09,SOLUSDC,deep_s,short,0.2000,0.5000,0.6000,0.5000,102.2386,102.2200,timeout,0.018,0.040,0.00100,0.81,1,1,-0.0228,-0.0455,11041.8982,1,
2026-09-01 22:40:11,SOLUSDC,mom15_s,short,0.5000,2.5000,2.0000,0.8000,0.0000,104.1298,expired,0.000,0.000,0.00000,2.02,0,0,0.0000,0.0000,0.0000,1,
2026-09-01 22:40:23,LINKUSDC,mom15_s,short,0.5000,2.5000,2.0000,0.8000,0.0000,11.6481,expired,0.000,0.000,0.00000,2.02,0,0,0.0000,0.0000,0.0000,1,
2026-09-01 22:40:27,AVAXUSDC,adapt_s,short,0.2193,0.2193,0.7311,0.4569,7.3030,7.3364,stop,-0.457,0.040,-0.00062,0.52,1,1,-0.4963,-0.9927,10573.4502,1,
2026-09-01 22:41:18,WLDUSDC,mom15_s,short,0.5000,2.5000,2.0000,0.8000,0.0000,0.3764,expired,0.000,0.000,0.00000,2.02,0,0,0.0000,0.0000,0.0000,1,
2026-09-01 22:41:22,ARBUSDC,deep_s,short,0.2000,0.5000,0.6000,0.5000,0.1109,0.1102,tp,0.600,0.000,-0.00004,0.03,1,1,0.6000,1.2001,195236.0500,1,
2026-09-01 22:41:26,BIOUSDC,mom15_s,short,0.5000,2.5000,2.0000,0.8000,0.0000,0.0266,expired,0.000,0.000,0.00000,2.02,0,0,0.0000,0.0000,0.0000,1,
2026-09-01 22:41:29,BOMEUSDC,mom15_s,short,0.5000,2.5000,2.0000,0.8000,0.0000,0.0009,expired,0.000,0.000,0.00000,2.02,0,0,0.0000,0.0000,0.0000,1,
2026-09-01 22:41:46,NEOUSDC,mom15_s,short,0.5000,2.5000,2.0000,0.8000,0.0000,2.0869,expired,0.000,0.000,0.00000,2.02,0,0,0.0000,0.0000,0.0000,1,
2026-09-01 22:41:49,WLFIUSDC,mom15_s,short,0.5000,2.5000,2.0000,0.8000,0.0000,0.0582,expired,0.000,0.000,0.00000,2.02,0,0,0.0000,0.0000,0.0000,1,
2026-09-01 22:42:45,FILUSDC,fixed_s,short,0.2000,0.2000,0.5000,0.3000,0.7132,0.7097,tp,0.500,0.000,-0.00004,0.04,1,1,0.5000,1.0001,70796.1500,1,
2026-09-01 22:46:46,ARBUSDC,fixed_l,long,0.2000,0.2000,0.5000,0.3000,0.1099,0.1096,stop,-0.300,0.040,0.00004,0.03,1,1,-0.3400,-0.6801,92065.0500,1,
2026-09-01 22:47:59,SUIUSDC,fixed_s,short,0.2000,0.2000,0.5000,0.3000,0.7346,0.7368,stop,-0.300,0.040,-0.00015,0.13,1,1,-0.3399,-0.6797,78788.6750,1,
2026-09-01 22:48:01,SUIUSDC,deep_s,short,0.2000,0.5000,0.6000,0.5000,0.7330,0.7367,stop,-0.500,0.040,-0.00078,0.65,1,1,-0.5392,-1.0784,251689.5921,1,
2026-09-01 22:48:02,SUIUSDC,mom_s,short,0.3000,1.0000,0.8000,0.5000,0.7334,0.7370,stop,-0.500,0.040,-0.00078,0.65,1,1,-0.5392,-1.0784,256124.2652,1,
2026-09-01 22:48:04,TIAUSDC,adapt_s,short,0.4548,0.4548,1.5162,0.9476,0.3555,0.3516,timeout,1.100,0.040,0.00046,0.81,1,1,1.0593,2.1186,35952.2500,1,
2026-09-01 22:48:22,ORDIUSDC,fixed_l,long,0.2000,0.2000,0.5000,0.3000,3.9221,3.9418,tp,0.500,0.000,0.00014,0.22,1,1,0.4999,0.9997,6017.4850,1,
2026-09-01 22:49:20,DOGEUSDC,fixed_l,long,0.2000,0.2000,0.5000,0.3000,0.0826,0.0830,tp,0.500,0.000,0.00060,0.48,1,1,0.4994,0.9988,1586253.2500,1,
2026-09-01 22:51:00,BTCUSDC,deep_s,short,0.2000,0.5000,0.6000,0.5000,78189.2010,78279.9000,timeout,-0.116,0.040,-0.00021,0.81,1,1,-0.1558,-0.3116,3.9770,1,
2026-09-01 22:51:06,DOGEUSDC,fixed_s,short,0.2000,0.2000,0.5000,0.3000,0.0828,0.0829,timeout,-0.090,0.040,-0.00101,0.81,1,1,-0.1291,-0.2582,1834482.3750,1,
2026-09-01 22:51:07,DOGEUSDC,adapt_s,short,0.1913,0.1913,0.6377,0.3986,0.0828,0.0829,timeout,-0.099,0.040,-0.00101,0.81,1,1,-0.1378,-0.2756,1777213.5000,1,
2026-09-01 22:51:08,DOGEUSDC,deep_s,short,0.2000,0.5000,0.6000,0.5000,0.0829,0.0829,timeout,-0.009,0.040,-0.00101,0.81,1,1,-0.0481,-0.0962,2645351.0303,1,
2026-09-01 22:51:15,LINKUSDC,adapt_s,short,0.2473,0.2473,0.8242,0.5152,11.4262,11.4640,timeout,-0.331,0.040,-0.00101,0.81,1,1,-0.3699,-0.7399,5482.5800,1,
2026-09-01 22:51:20,ADAUSDC,deep_s,short,0.2000,0.5000,0.6000,0.5000,0.1996,0.1999,timeout,-0.154,0.040,-0.00016,0.81,1,1,-0.1937,-0.3873,1883168.0926,1,
2026-09-01 22:52:08,TRUMPUSDC,mom_s,short,0.3000,1.0000,0.8000,0.5000,2.3775,2.3790,timeout,-0.061,0.040,-0.00025,0.81,1,1,-0.1012,-0.2023,77782.9478,1,
2026-09-01 22:53:31,TIAUSDC,mom15_s,short,0.5000,2.5000,2.0000,0.8000,0.3569,0.3498,tp,2.000,0.000,0.00039,0.74,1,1,1.9996,3.9992,86430.9118,1,
2026-09-01 22:53:56,BIOUSDC,fixed_l,long,0.2000,0.2000,0.5000,0.3000,0.0259,0.0259,stop,-0.300,0.040,0.00015,0.24,1,1,-0.3402,-0.6803,685701.9375,1,
2026-09-01 22:53:59,BOMEUSDC,fixed_l,long,0.2000,0.2000,0.5000,0.3000,0.0009,0.0009,stop,-0.300,0.040,0.00027,0.44,1,1,-0.3403,-0.6805,18151694.5000,1,
2026-09-01 22:54:01,CRVUSDC,fixed_l,long,0.2000,0.2000,0.5000,0.3000,0.3617,0.3606,stop,-0.300,0.040,0.00019,0.15,1,1,-0.3402,-0.6804,56759.4571,1,
2026-09-01 22:54:02,CRVUSDC,deep_l,long,0.2000,0.5000,0.6000,0.5000,0.3623,0.3605,stop,-0.500,0.040,0.00043,0.34,1,1,-0.5404,-1.0809,110506.6375,1,
2026-09-01 22:55:48,ARBUSDC,fixed_l,long,0.2000,0.2000,0.5000,0.3000,0.1095,0.1100,tp,0.500,0.000,0.00000,0.00,1,1,0.5000,1.0000,139769.8000,1,
2026-09-01 22:55:49,ARBUSDC,deep_l,long,0.2000,0.5000,0.6000,0.5000,0.1096,0.1103,tp,0.600,0.000,0.00019,0.15,1,1,0.5998,1.1996,97161.8333,1,
2026-09-01 22:56:00,ETHFIUSDC,fixed_s,short,0.2000,0.2000,0.5000,0.3000,0.5767,0.5738,tp,0.500,0.000,-0.00011,0.18,1,1,0.5001,1.0002,2723.7000,1,
2026-09-01 22:56:13,WLFIUSDC,adapt_s,short,0.1702,0.1702,0.5674,0.3546,0.0570,0.0569,timeout,0.100,0.040,-0.00050,0.80,1,1,0.0602,0.1205,442701.1404,1,
2026-09-01 22:58:44,BTCUSDC,adapt_s,short,0.1328,0.1328,0.4427,0.2767,78246.7765,78164.0000,timeout,0.106,0.040,-0.00023,0.84,1,1,0.0660,0.1320,3.2090,1,
2026-09-01 22:58:44,BTCUSDC,mom_s,short,0.3000,1.0000,0.8000,0.5000,78263.8900,78164.0000,timeout,0.128,0.040,-0.00023,0.84,1,1,0.0879,0.1757,3.2904,1,
2026-09-01 22:58:45,ETHUSDC,mom_s,short,0.3000,1.0000,0.8000,0.5000,2453.0880,2447.7600,timeout,0.217,0.040,0.00014,0.80,1,1,0.1771,0.3541,52.7936,1,
2026-09-01 22:58:50,XRPUSDC,adapt_s,short,0.2281,0.2281,0.7605,0.4753,1.3784,1.3774,timeout,0.075,0.040,-0.00085,0.84,1,1,0.0361,0.0723,223340.0727,1,
2026-09-01 22:58:50,XRPUSDC,deep_s,short,0.2000,0.5000,0.6000,0.5000,1.3807,1.3779,timeout,0.201,0.040,-0.00082,0.80,1,1,0.1614,0.3228,227540.0154,1,
2026-09-01 22:58:54,LINKUSDC,deep_s,short,0.2000,0.5000,0.6000,0.5000,11.4550,11.4440,timeout,0.096,0.040,-0.00100,0.80,1,1,0.0569,0.1139,5250.3808,1,
2026-09-01 22:58:57,ADAUSDC,fixed_s,short,0.2000,0.2000,0.5000,0.3000,0.2000,0.1995,timeout,0.250,0.040,-0.00015,0.80,1,1,0.2097,0.4195,322245.7000,1,
2026-09-01 22:58:57,ADAUSDC,adapt_s,short,0.2410,0.2410,0.8033,0.5021,0.1997,0.1995,timeout,0.090,0.040,-0.00015,0.84,1,1,0.0503,0.1007,1978054.0204,1,
2026-09-01 22:58:58,ADAUSDC,mom_s,short,0.3000,1.0000,0.8000,0.5000,0.2000,0.1995,timeout,0.240,0.040,-0.00015,0.80,1,1,0.2002,0.4003,2039186.3862,1,
2026-09-01 22:59:03,LTCUSDC,fixed_s,short,0.2000,0.2000,0.5000,0.3000,49.6892,49.6300,timeout,0.119,0.040,0.00030,0.84,1,1,0.0788,0.1576,724.2437,1,
2026-09-01 22:59:03,LTCUSDC,adapt_s,short,0.2072,0.2072,0.6907,0.4317,49.6927,49.6300,timeout,0.126,0.040,0.00030,0.84,1,1,0.0860,0.1719,902.0767,1,
2026-09-01 22:59:15,SUIUSDC,adapt_s,short,0.2461,0.2461,0.8204,0.5128,0.7338,0.7306,timeout,0.436,0.040,-0.00092,0.80,1,1,0.3972,0.7945,202006.0167,1,
2026-09-01 22:59:39,TRUMPUSDC,deep_s,short,0.2000,0.5000,0.6000,0.5000,2.3808,2.3760,timeout,0.203,0.040,-0.00017,0.84,1,1,0.1637,0.3273,68129.5367,1,
2026-09-01 22:59:56,KAITOUSDC,deep_s,short,0.2000,0.5000,0.6000,0.5000,0.3026,0.3041,stop,-0.500,0.040,0.00174,0.84,1,1,-0.5417,-1.0835,70934.7800,1,
2026-09-01 23:00:02,WLFIUSDC,mom30_s,short,0.7000,3.0000,3.0000,1.0000,0.0000,0.0583,expired,0.000,0.000,0.00000,2.03,0,0,0.0000,0.0000,0.0000,1,
2026-09-01 23:00:56,TIAUSDC,fixed_l,long,0.2000,0.2000,0.5000,0.3000,0.3500,0.3489,stop,-0.300,0.040,-0.00005,0.12,1,1,-0.3399,-0.6799,40650.8750,1,
2026-09-01 23:01:01,FILUSDC,deep_s,short,0.2000,0.5000,0.6000,0.5000,0.7098,0.7134,stop,-0.500,0.040,-0.00050,0.40,1,1,-0.5395,-1.0790,80970.0500,1,
2026-09-01 23:01:09,WIFUSDC,fixed_l,long,0.2000,0.2000,0.5000,0.3000,0.2013,0.2007,stop,-0.300,0.040,0.00000,0.00,1,1,-0.3400,-0.6800,66808.3577,1,
2026-09-01 23:01:21,WLDUSDC,fixed_s,short,0.2000,0.2000,0.5000,0.3000,0.3719,0.3701,tp,0.500,0.000,-0.00027,0.21,1,1,0.5003,1.0005,56030.6059,1,
2026-09-01 23:01:23,WLDUSDC,mom_s,short,0.3000,1.0000,0.8000,0.5000,0.3721,0.3691,tp,0.800,0.000,-0.00027,0.21,1,1,0.8003,1.6005,94363.5292,1,
2026-09-01 23:01:26,TRUMPUSDC,fixed_l,long,0.2000,0.2000,0.5000,0.3000,2.3732,2.3661,stop,-0.300,0.040,0.00000,0.00,1,1,-0.3400,-0.6800,31412.3389,1,
2026-09-01 23:01:46,ETHFIUSDC,deep_s,short,0.2000,0.5000,0.6000,0.5000,0.5753,0.5718,tp,0.600,0.000,-0.00027,0.44,1,1,0.6003,1.2005,21773.8824,1,
2026-09-01 23:02:25,SOLUSDC,fixed_l,long,0.2000,0.2000,0.5000,0.3000,101.9657,101.6598,stop,-0.300,0.040,-0.00012,0.10,1,1,-0.3399,-0.6798,8926.4996,1,
2026-09-01 23:02:26,SOLUSDC,adapt_l,long,0.1959,0.1959,0.6529,0.4081,101.9699,101.5538,stop,-0.408,0.040,-0.00012,0.10,1,1,-0.4480,-0.8959,8830.6565,1,
2026-09-01 23:02:38,XRPUSDC,mom_s,short,0.3000,1.0000,0.8000,0.5000,1.3827,1.3716,tp,0.800,0.000,-0.00022,0.22,1,1,0.8002,1.6004,252128.8750,1,
2026-09-01 23:02:49,LTCUSDC,fixed_l,long,0.2000,0.2000,0.5000,0.3000,49.5407,49.3921,stop,-0.300,0.040,-0.00021,0.52,1,1,-0.3398,-0.6796,1549.8923,1,
2026-09-01 23:03:01,NEARUSDC,adapt_s,short,0.3867,0.3867,1.2891,0.8057,2.0389,2.0126,tp,1.289,0.000,-0.00078,0.63,1,1,1.2899,2.5797,20139.0000,1,
2026-09-01 23:03:17,FILUSDC,fixed_s,short,0.2000,0.2000,0.5000,0.3000,0.7116,0.7081,tp,0.500,0.000,-0.00020,0.16,1,1,0.5002,1.0004,28062.6667,1,
2026-09-01 23:03:47,ARBUSDC,fixed_l,long,0.2000,0.2000,0.5000,0.3000,0.1094,0.1090,stop,-0.300,0.040,0.00004,0.03,1,1,-0.3400,-0.6801,204001.8000,1,
2026-09-01 23:03:58,CRVUSDC,fixed_l,long,0.2000,0.2000,0.5000,0.3000,0.3597,0.3586,stop,-0.300,0.040,0.00004,0.03,1,1,-0.3400,-0.6801,25825.2500,1,
2026-09-01 23:03:59,CRVUSDC,adapt_l,long,0.6149,0.6149,2.0497,1.2810,0.3637,0.3590,stop,-1.281,0.040,0.00070,0.56,1,1,-1.3217,-2.6435,68525.6500,1,
2026-09-01 23:04:05,ETHFIUSDC,mom_s,short,0.3000,1.0000,0.8000,0.5000,0.5751,0.5705,tp,0.800,0.000,-0.00029,0.47,1,1,0.8003,1.6006,20913.0083,1,
2026-09-01 23:04:17,WLFIUSDC,fixed_l,long,0.2000,0.2000,0.5000,0.3000,0.0567,0.0565,stop,-0.300,0.040,0.00000,0.00,1,1,-0.3400,-0.6800,95904.0000,1,
2026-09-01 23:04:17,WLFIUSDC,fixed_s,short,0.2000,0.2000,0.5000,0.3000,0.0570,0.0567,tp,0.500,0.000,-0.00015,0.25,1,1,0.5002,1.0003,389902.7949,1,
2026-09-01 23:04:47,DOGEUSDC,adapt_l,long,0.1793,0.1793,0.5976,0.3735,0.0827,0.0823,stop,-0.373,0.040,0.00092,0.74,1,1,-0.4144,-0.8288,1399696.7500,1,
2026-09-01 23:04:50,XRPUSDC,fixed_l,long,0.2000,0.2000,0.5000,0.3000,1.3737,1.3696,stop,-0.300,0.040,0.00004,0.04,1,1,-0.3400,-0.6801,266554.6192,1,
2026-09-01 23:04:55,LINKUSDC,mom_s,short,0.3000,1.0000,0.8000,0.5000,11.4776,11.3858,tp,0.800,0.000,-0.00032,0.26,1,1,0.8003,1.6006,6246.3055,1,
2026-09-01 23:04:59,AVAXUSDC,fixed_l,long,0.2000,0.2000,0.5000,0.3000,7.3133,7.2914,stop,-0.300,0.040,0.00004,0.04,1,1,-0.3400,-0.6801,10802.1417,1,
2026-09-01 23:04:59,AVAXUSDC,fixed_s,short,0.2000,0.2000,0.5000,0.3000,7.3336,7.2970,tp,0.500,0.000,-0.00045,0.41,1,1,0.5004,1.0009,7509.1275,1,
2026-09-01 23:05:00,AVAXUSDC,deep_s,short,0.2000,0.5000,0.6000,0.5000,7.3234,7.2920,timeout,0.429,0.040,-0.00088,0.81,1,1,0.3901,0.7802,11198.7821,1,
2026-09-01 23:05:01,AVAXUSDC,mom_s,short,0.3000,1.0000,0.8000,0.5000,7.3265,7.2920,timeout,0.471,0.040,-0.00088,0.81,1,1,0.4323,0.8646,11349.1597,1,
2026-09-01 23:05:48,ARBUSDC,deep_l,long,0.2000,0.5000,0.6000,0.5000,0.1090,0.1097,tp,0.600,0.000,0.00005,0.04,1,1,0.6000,1.1999,208152.5000,1,
2026-09-01 23:05:58,BOMEUSDC,fixed_l,long,0.2000,0.2000,0.5000,0.3000,0.0009,0.0009,stop,-0.300,0.040,0.00002,0.04,1,1,-0.3400,-0.6800,265116.0000,1,
2026-09-01 23:05:59,BOMEUSDC,adapt_l,long,0.2745,0.2745,0.9149,0.5718,0.0009,0.0009,stop,-0.572,0.040,0.00012,0.20,1,1,-0.6119,-1.2239,23666044.5750,1,
2026-09-01 23:05:59,BOMEUSDC,deep_l,long,0.2000,0.5000,0.6000,0.5000,0.0009,0.0009,stop,-0.500,0.040,0.00004,0.07,1,1,-0.5400,-1.0801,22870559.6818,1,
2026-09-01 23:06:00,BOMEUSDC,mom_l,long,0.3000,1.0000,0.8000,0.5000,0.0009,0.0009,stop,-0.500,0.040,0.00002,0.04,1,1,-0.5400,-1.0800,22970723.7800,1,
2026-09-01 23:06:02,CRVUSDC,deep_l,long,0.2000,0.5000,0.6000,0.5000,0.3586,0.3568,stop,-0.500,0.040,0.00000,0.00,1,1,-0.5400,-1.0800,71018.2333,1,
2026-09-01 23:06:12,KAITOUSDC,mom15_s,short,0.5000,2.5000,2.0000,0.8000,0.0000,0.3057,expired,0.000,0.000,0.00000,2.03,0,0,0.0000,0.0000,0.0000,1,
2026-09-01 23:06:13,NEOUSDC,fixed_l,long,0.2000,0.2000,0.5000,0.3000,2.0509,2.0447,stop,-0.300,0.040,0.00009,0.07,1,1,-0.3401,-0.6802,588.8424,1,
2026-09-01 23:06:16,WLFIUSDC,adapt_l,long,0.1905,0.1905,0.6351,0.3969,0.0567,0.0565,stop,-0.397,0.040,0.00002,0.04,1,1,-0.4370,-0.8739,65734.0000,1,
2026-09-01 23:06:16,WLFIUSDC,deep_l,long,0.2000,0.5000,0.6000,0.5000,0.0565,0.0563,stop,-0.500,0.040,0.00002,0.04,1,1,-0.5400,-1.0800,359097.0000,1,
2026-09-01 23:07:46,BIOUSDC,adapt_l,long,0.2556,0.2556,0.8521,0.5325,0.0259,0.0258,stop,-0.533,0.040,0.00030,0.47,1,1,-0.5728,-1.1457,704626.9375,1,
2026-09-01 23:08:32,DOGEUSDC,fixed_l,long,0.2000,0.2000,0.5000,0.3000,0.0823,0.0820,stop,-0.300,0.040,0.00008,0.06,1,0,-0.3401,-0.6802,935112.5000,1,
2026-09-01 23:08:49,AVAXUSDC,adapt_l,long,0.2045,0.2045,0.6816,0.4260,7.3130,7.2819,stop,-0.426,0.040,0.00011,0.10,1,1,-0.4661,-0.9322,11256.7817,1,
2026-09-01 23:09:11,TIAUSDC,fixed_l,long,0.2000,0.2000,0.5000,0.3000,0.3473,0.3463,stop,-0.300,0.040,-0.00003,0.06,1,1,-0.3400,-0.6799,15436.0000,1,
2026-09-01 23:09:12,TIAUSDC,deep_l,long,0.2000,0.5000,0.6000,0.5000,0.3489,0.3472,stop,-0.500,0.040,-0.00006,0.13,1,1,-0.5399,-1.0799,55100.2500,1,
2026-09-01 23:09:14,TIAUSDC,mom30_s,short,0.7000,3.0000,3.0000,1.0000,0.3567,0.3460,tp,3.000,0.000,0.00048,1.13,1,1,2.9995,5.9990,88064.0862,1,
2026-09-01 23:09:29,WIFUSDC,fixed_l,long,0.2000,0.2000,0.5000,0.3000,0.1995,0.1989,stop,-0.300,0.040,0.00004,0.06,1,1,-0.3400,-0.6801,9539.5000,1,
2026-09-01 23:09:34,ORDIUSDC,fixed_l,long,0.2000,0.2000,0.5000,0.3000,3.9152,3.9034,stop,-0.300,0.040,0.00008,0.13,1,1,-0.3401,-0.6802,1686.1250,1,
2026-09-01 23:09:35,ORDIUSDC,adapt_l,long,0.2715,0.2715,0.9052,0.5657,3.9213,3.8991,stop,-0.566,0.040,0.00008,0.13,1,1,-0.6058,-1.2116,5016.6885,1,
2026-09-01 23:09:50,ARBUSDC,fixed_s,short,0.2000,0.2000,0.5000,0.3000,0.1101,0.1095,tp,0.500,0.000,-0.00004,0.03,1,1,0.5000,1.0001,189109.5000,1,
2026-09-01 23:09:57,BIOUSDC,deep_l,long,0.2000,0.5000,0.6000,0.5000,0.0259,0.0257,stop,-0.500,0.040,0.00016,0.26,1,1,-0.5402,-1.0803,834235.4000,1,
2026-09-01 23:10:10,ETHFIUSDC,adapt_s,short,0.4238,0.4238,1.4127,0.8829,0.5746,0.5665,tp,1.413,0.000,-0.00036,0.57,1,1,1.4130,2.8261,11529.1429,1,
2026-09-01 23:10:18,NEOUSDC,adapt_l,long,0.2250,0.2250,0.7500,0.4687,2.0504,2.0408,stop,-0.469,0.040,0.00017,0.13,1,1,-0.5089,-1.0178,588.8424,1,
2026-09-01 23:11:32,WIFUSDC,adapt_l,long,0.3611,0.3611,1.2036,0.7523,0.1998,0.1983,stop,-0.752,0.040,0.00009,0.14,1,1,-0.7924,-1.5847,35157.1500,1,
2026-09-01 23:11:35,WIFUSDC,mom15_s,short,0.5000,2.5000,2.0000,0.8000,0.2027,0.1987,tp,2.000,0.000,-0.00057,0.91,1,1,2.0006,4.0011,205531.5682,1,
2026-09-01 23:11:47,ARBUSDC,fixed_l,long,0.2000,0.2000,0.5000,0.3000,0.1085,0.1082,stop,-0.300,0.040,0.00000,0.00,1,1,-0.3400,-0.6800,105432.0500,1,
2026-09-01 23:13:31,ARBUSDC,deep_l,long,0.2000,0.5000,0.6000,0.5000,0.1082,0.1077,stop,-0.500,0.040,0.00004,0.03,1,1,-0.5400,-1.0801,79147.5500,1,
2026-09-01 23:13:31,ARBUSDC,mom_l,long,0.3000,1.0000,0.8000,0.5000,0.1084,0.1078,stop,-0.500,0.040,0.00004,0.03,1,1,-0.5400,-1.0801,162017.7727,1,
2026-09-01 23:14:56,NEARUSDC,mom15_l,long,0.5000,2.5000,2.0000,0.8000,0.0000,1.9285,expired,0.000,0.000,0.00000,2.01,0,0,0.0000,0.0000,0.0000,1,
2026-09-01 23:15:34,ARBUSDC,fixed_l,long,0.2000,0.2000,0.5000,0.3000,0.1078,0.1083,tp,0.500,0.000,0.00004,0.03,1,1,0.5000,0.9999,218603.5000,1,
2026-09-01 23:15:39,BIOUSDC,fixed_l,long,0.2000,0.2000,0.5000,0.3000,0.0257,0.0259,tp,0.500,0.000,0.00006,0.10,1,1,0.4999,0.9999,186625.5000,1,
2026-09-01 23:15:47,CRVUSDC,mom_l,long,0.3000,1.0000,0.8000,0.5000,0.3572,0.3600,tp,0.800,0.000,0.00020,0.16,1,1,0.7998,1.5996,114736.8358,1,
2026-09-01 23:15:48,CRVUSDC,mom15_l,long,0.5000,2.5000,2.0000,0.8000,0.0000,0.3561,expired,0.000,0.000,0.00000,2.01,0,0,0.0000,0.0000,0.0000,1,
2026-09-01 23:19:14,WLDUSDC,fixed_s,short,0.2000,0.2000,0.5000,0.3000,0.3690,0.3701,stop,-0.300,0.040,-0.00004,0.03,1,1,-0.3400,-0.6799,12216.9250,1,
2026-09-01 23:19:18,TRUMPUSDC,fixed_l,long,0.2000,0.2000,0.5000,0.3000,2.3593,2.3522,stop,-0.300,0.040,0.00000,0.23,1,0,-0.3400,-0.6800,4884.7650,1,
2026-09-01 23:21:13,ORDIUSDC,mom30_l,long,0.7000,3.0000,3.0000,1.0000,0.0000,3.7946,expired,0.000,0.000,0.00000,2.01,0,0,0.0000,0.0000,0.0000,1,
2026-09-01 23:21:28,ARBUSDC,mom15_l,long,0.5000,2.5000,2.0000,0.8000,0.0000,0.1071,expired,0.000,0.000,0.00000,2.01,0,0,0.0000,0.0000,0.0000,1,
2026-09-01 23:21:40,CRVUSDC,mom30_l,long,0.7000,3.0000,3.0000,1.0000,0.0000,0.3545,expired,0.000,0.000,0.00000,2.01,0,0,0.0000,0.0000,0.0000,1,
2026-09-01 23:26:23,LTCUSDC,mom15_l,long,0.5000,2.5000,2.0000,0.8000,0.0000,48.2332,expired,0.000,0.000,0.00000,2.01,0,0,0.0000,0.0000,0.0000,1,
2026-09-01 23:26:23,LTCUSDC,mom30_l,long,0.7000,3.0000,3.0000,1.0000,0.0000,47.9859,expired,0.000,0.000,0.00000,2.01,0,0,0.0000,0.0000,0.0000,1,
2026-09-01 23:26:26,UNIUSDC,mom15_l,long,0.5000,2.5000,2.0000,0.8000,0.0000,5.6219,expired,0.000,0.000,0.00000,2.01,0,0,0.0000,0.0000,0.0000,1,
2026-09-01 23:26:28,UNIUSDC,mom30_l,long,0.7000,3.0000,3.0000,1.0000,0.0000,5.5930,expired,0.000,0.000,0.00000,2.01,0,0,0.0000,0.0000,0.0000,1,
2026-09-01 23:26:40,TIAUSDC,mom30_l,long,0.7000,3.0000,3.0000,1.0000,0.0000,0.3373,expired,0.000,0.000,0.00000,2.01,0,0,0.0000,0.0000,0.0000,1,
2026-09-01 23:26:42,FILUSDC,adapt_s,short,0.3207,0.3207,1.0690,0.6681,0.7096,0.7074,timeout,0.306,0.040,-0.00103,0.82,1,1,0.2666,0.5332,36332.1500,1,
2026-09-01 23:26:54,WIFUSDC,mom30_l,long,0.7000,3.0000,3.0000,1.0000,0.0000,0.1934,expired,0.000,0.000,0.00000,2.01,0,0,0.0000,0.0000,0.0000,1,
2026-09-01 23:26:58,ORDIUSDC,mom15_l,long,0.5000,2.5000,2.0000,0.8000,0.0000,3.8230,expired,0.000,0.000,0.00000,2.01,0,0,0.0000,0.0000,0.0000,1,
2026-09-01 23:28:22,UNIUSDC,adapt_s,short,0.5430,0.5430,1.8101,1.1313,5.7611,5.7050,timeout,0.974,0.040,-0.00103,0.83,1,1,0.9351,1.8702,14759.7500,1,
2026-09-01 23:28:58,ARBUSDC,fixed_s,short,0.2000,0.2000,0.5000,0.3000,0.1093,0.1097,stop,-0.300,0.040,-0.00000,0.00,1,1,-0.3400,-0.6800,140865.1167,1,
2026-09-01 23:29:44,SOLUSDC,fixed_l,long,0.2000,0.2000,0.5000,0.3000,101.0874,101.5929,tp,0.500,0.000,-0.00052,0.38,1,1,0.5005,1.0010,7081.6000,1,
2026-09-01 23:29:45,SOLUSDC,deep_l,long,0.2000,0.5000,0.6000,0.5000,101.0821,101.6885,tp,0.600,0.000,-0.00052,0.38,1,1,0.6005,1.2010,11691.4900,1,
2026-09-01 23:29:46,SOLUSDC,mom_l,long,0.3000,1.0000,0.8000,0.5000,100.8612,101.6681,tp,0.800,0.000,-0.00048,0.35,1,1,0.8005,1.6010,10994.5176,1,
2026-09-01 23:30:47,BIOUSDC,mom_l,long,0.3000,1.0000,0.8000,0.5000,0.0257,0.0259,tp,0.800,0.000,0.00022,0.35,1,1,0.7998,1.5996,1109022.3818,1,
2026-09-01 23:30:55,ETHFIUSDC,fixed_s,short,0.2000,0.2000,0.5000,0.3000,0.5699,0.5716,stop,-0.300,0.040,-0.00002,0.03,1,1,-0.3400,-0.6800,13029.3444,1,
2026-09-01 23:32:23,WIFUSDC,fixed_l,long,0.2000,0.2000,0.5000,0.3000,0.1979,0.1989,tp,0.500,0.000,0.00006,0.09,1,1,0.4999,0.9999,58854.4778,1,
2026-09-01 23:32:26,WIFUSDC,mom15_l,long,0.5000,2.5000,2.0000,0.8000,0.0000,0.1959,expired,0.000,0.000,0.00000,2.01,0,0,0.0000,0.0000,0.0000,1,
2026-09-01 23:32:38,TRUMPUSDC,deep_l,long,0.2000,0.5000,0.6000,0.5000,2.3522,2.3663,tp,0.600,0.000,-0.00004,0.22,1,1,0.6000,1.2001,108966.3287,1,
2026-09-01 23:33:01,ETHFIUSDC,mom15_l,long,0.5000,2.5000,2.0000,0.8000,0.0000,0.5498,expired,0.000,0.000,0.00000,2.01,0,0,0.0000,0.0000,0.0000,1,
2026-09-01 23:33:40,SOLUSDC,adapt_l,long,0.2101,0.2101,0.7004,0.4377,101.0772,101.7851,tp,0.700,0.000,-0.00061,0.45,1,1,0.7010,1.4019,7512.9100,1,
2026-09-01 23:33:43,DOGEUSDC,deep_l,long,0.2000,0.5000,0.6000,0.5000,0.0819,0.0824,tp,0.600,0.000,0.00052,0.42,1,1,0.5995,1.1990,2469455.7755,1,
2026-09-01 23:33:52,ADAUSDC,fixed_l,long,0.2000,0.2000,0.5000,0.3000,0.1980,0.1990,tp,0.500,0.000,0.00013,0.48,1,1,0.4999,0.9997,2237192.2278,1,
2026-09-01 23:33:52,ADAUSDC,fixed_s,short,0.2000,0.2000,0.5000,0.3000,0.1987,0.1993,stop,-0.300,0.040,-0.00001,0.04,1,1,-0.3400,-0.6800,539507.3857,1,
2026-09-01 23:33:54,ADAUSDC,mom_l,long,0.3000,1.0000,0.8000,0.5000,0.1976,0.1992,tp,0.800,0.000,0.00011,0.42,1,1,0.7999,1.5998,2781898.4875,1,
2026-09-01 23:33:57,LTCUSDC,fixed_l,long,0.2000,0.2000,0.5000,0.3000,49.2812,49.5276,tp,0.500,0.000,-0.00016,0.42,1,1,0.5002,1.0003,1502.3263,1,
2026-09-01 23:34:17,FILUSDC,adapt_l,long,0.3280,0.3280,1.0933,0.6833,0.7067,0.7128,timeout,0.867,0.040,0.00104,0.83,1,1,0.8258,1.6515,30834.6667,1,
2026-09-01 23:34:26,WIFUSDC,deep_l,long,0.2000,0.5000,0.6000,0.5000,0.1986,0.1998,tp,0.600,0.000,0.00024,0.38,1,1,0.5998,1.1995,283558.9449,1,
2026-09-01 23:34:35,TRUMPUSDC,fixed_s,short,0.2000,0.2000,0.5000,0.3000,2.3617,2.3688,stop,-0.300,0.040,0.00001,0.04,1,1,-0.3400,-0.6800,35069.7067,1,
2026-09-01 23:34:36,TRUMPUSDC,adapt_l,long,0.2918,0.2918,0.9725,0.6078,2.3551,2.3780,tp,0.973,0.000,-0.00009,0.48,1,1,0.9726,1.9452,22134.2433,1,
2026-09-01 23:34:37,TRUMPUSDC,deep_s,short,0.2000,0.5000,0.6000,0.5000,2.3688,2.3806,stop,-0.500,0.040,0.00000,0.00,1,1,-0.5400,-1.0800,75054.1714,1,
2026-09-01 23:34:48,BIOUSDC,adapt_s,short,0.2651,0.2651,0.8837,0.5523,0.0259,0.0260,stop,-0.552,0.040,-0.00020,0.32,1,1,-0.5921,-1.1842,51794.5000,1,
2026-09-01 23:34:49,BOMEUSDC,fixed_l,long,0.2000,0.2000,0.5000,0.3000,0.0009,0.0009,tp,0.500,0.000,0.00008,0.13,1,1,0.4999,0.9998,12687734.7273,1,
2026-09-01 23:35:43,LTCUSDC,fixed_s,short,0.2000,0.2000,0.5000,0.3000,49.5489,49.6975,stop,-0.300,0.040,0.00001,0.03,1,1,-0.3400,-0.6800,3055.5173,1,
2026-09-01 23:36:34,ETHFIUSDC,deep_s,short,0.2000,0.5000,0.6000,0.5000,0.5716,0.5745,stop,-0.500,0.040,-0.00006,0.10,1,1,-0.5399,-1.0799,21061.3100,1,
2026-09-01 23:37:31,LTCUSDC,adapt_s,short,0.2184,0.2184,0.7280,0.4550,49.5580,49.7835,stop,-0.455,0.040,0.00002,0.06,1,1,-0.4950,-0.9901,3139.2644,1,
2026-09-01 23:37:59,HBARUSDC,fixed_l,long,0.2000,0.2000,0.5000,0.3000,0.0743,0.0746,tp,0.500,0.000,0.00018,0.54,1,1,0.4998,0.9996,102496.3333,1,
2026-09-01 23:38:23,ARBUSDC,fixed_l,long,0.2000,0.2000,0.5000,0.3000,0.1084,0.1090,tp,0.500,0.000,0.00003,0.03,1,1,0.5000,0.9999,139989.7556,1,
2026-09-01 23:39:49,SUIUSDC,fixed_s,short,0.2000,0.2000,0.5000,0.3000,0.7277,0.7298,stop,-0.300,0.040,-0.00022,0.19,1,1,-0.3398,-0.6796,174392.4375,1,
2026-09-01 23:39:56,FILUSDC,fixed_s,short,0.2000,0.2000,0.5000,0.3000,0.7116,0.7138,stop,-0.300,0.040,-0.00012,0.09,1,1,-0.3399,-0.6798,81864.9133,1,
2026-09-01 23:40:12,WLDUSDC,fixed_s,short,0.2000,0.2000,0.5000,0.3000,0.3720,0.3732,stop,-0.300,0.040,-0.00035,0.28,1,1,-0.3396,-0.6793,14086.5500,1,
2026-09-01 23:41:18,LINKUSDC,fixed_l,long,0.2000,0.2000,0.5000,0.3000,11.3572,11.4140,tp,0.500,0.000,0.00072,0.57,1,1,0.4993,0.9986,6840.7092,1,
2026-09-01 23:43:08,ADAUSDC,mom15_s,short,0.5000,2.5000,2.0000,0.8000,0.0000,0.2017,expired,0.000,0.000,0.00000,2.01,0,0,0.0000,0.0000,0.0000,1,
2026-09-01 23:43:17,LTCUSDC,mom15_s,short,0.5000,2.5000,2.0000,0.8000,0.0000,50.2865,expired,0.000,0.000,0.00000,2.01,0,0,0.0000,0.0000,0.0000,1,
2026-09-01 23:43:39,FILUSDC,deep_s,short,0.2000,0.5000,0.6000,0.5000,0.7138,0.7173,stop,-0.500,0.040,-0.00019,0.15,1,1,-0.5398,-1.0796,89921.5467,1,
2026-09-01 23:43:40,FILUSDC,mom15_s,short,0.5000,2.5000,2.0000,0.8000,0.7117,0.7174,stop,-0.800,0.040,-0.00134,1.07,1,1,-0.8387,-1.6773,85352.2130,1,
2026-09-01 23:43:46,HBARUSDC,mom15_s,short,0.5000,2.5000,2.0000,0.8000,0.0000,0.0763,expired,0.000,0.000,0.00000,2.01,0,0,0.0000,0.0000,0.0000,1,
2026-09-01 23:43:54,ORDIUSDC,mom15_s,short,0.5000,2.5000,2.0000,0.8000,0.0000,4.0026,expired,0.000,0.000,0.00000,2.01,0,0,0.0000,0.0000,0.0000,1,
2026-09-01 23:44:18,ETHFIUSDC,fixed_s,short,0.2000,0.2000,0.5000,0.3000,0.5739,0.5757,stop,-0.300,0.040,-0.00008,0.12,1,1,-0.3399,-0.6798,1511.5000,1,
2026-09-01 23:44:18,ETHFIUSDC,adapt_l,long,0.4721,0.4721,1.5735,0.9834,0.5667,0.5756,tp,1.574,0.000,0.00036,0.57,1,1,1.5732,3.1463,16058.4600,1,
2026-09-01 23:45:05,ADAUSDC,adapt_l,long,0.2169,0.2169,0.7231,0.4520,0.1983,0.1997,tp,0.723,0.000,0.00029,0.67,1,1,0.7229,1.4457,68554.2500,1,
2026-09-01 23:45:52,ARBUSDC,fixed_s,short,0.2000,0.2000,0.5000,0.3000,0.1100,0.1103,stop,-0.300,0.040,-0.00000,0.00,1,1,-0.3400,-0.6800,60152.6000,1,
2026-09-01 23:45:52,ARBUSDC,adapt_l,long,0.7191,0.7191,2.3970,1.4981,0.1080,0.1106,tp,2.397,0.000,0.00071,0.57,1,1,2.3963,4.7926,153337.3000,1,
2026-09-01 23:46:04,KAITOUSDC,adapt_s,short,0.2186,0.2186,0.7285,0.4553,0.3034,0.3038,timeout,-0.145,0.040,0.00127,0.80,1,1,-0.1858,-0.3716,96101.0192,1,
2026-09-01 23:46:06,NEOUSDC,deep_l,long,0.2000,0.5000,0.6000,0.5000,2.0447,2.0570,tp,0.600,0.000,0.00084,0.67,1,1,0.5992,1.1983,1554.5911,1,
2026-09-01 23:46:38,XRPUSDC,adapt_l,long,0.2257,0.2257,0.7525,0.4703,1.3677,1.3780,tp,0.752,0.000,0.00058,0.70,1,1,0.7519,1.5038,129369.6500,1,
2026-09-01 23:47:24,ARBUSDC,deep_s,short,0.2000,0.5000,0.6000,0.5000,0.1104,0.1098,tp,0.600,0.000,-0.00003,0.03,1,1,0.6000,1.2001,175518.6227,1,
2026-09-01 23:48:38,NEARUSDC,mom30_l,long,0.7000,3.0000,3.0000,1.0000,0.0000,1.9390,expired,0.000,0.000,0.00000,2.01,0,0,0.0000,0.0000,0.0000,1,
2026-09-01 23:48:44,TIAUSDC,mom15_l,long,0.5000,2.5000,2.0000,0.8000,0.3415,0.3424,expired,0.000,0.000,-0.00044,2.69,0,0,0.0000,0.0000,83711.4211,1,
2026-09-01 23:48:48,FILUSDC,mom_s,short,0.3000,1.0000,0.8000,0.5000,0.7161,0.7197,stop,-0.500,0.040,-0.00011,0.09,1,1,-0.5399,-1.0798,85297.2118,1,
2026-09-01 23:49:00,ORDIUSDC,deep_l,long,0.2000,0.5000,0.6000,0.5000,3.8974,3.9208,tp,0.600,0.000,0.00041,0.66,1,1,0.5996,1.1992,8643.7347,1,
2026-09-01 23:49:15,BOMEUSDC,fixed_s,short,0.2000,0.2000,0.5000,0.3000,0.0009,0.0009,stop,-0.300,0.040,-0.00006,0.09,1,1,-0.3399,-0.6799,11980432.5000,1,
2026-09-01 23:50:00,ETHUSDC,fixed_l,long,0.2000,0.2000,0.5000,0.3000,2436.9364,2449.1210,tp,0.500,0.000,-0.00006,0.75,1,1,0.5001,1.0001,22.6600,1,
2026-09-01 23:50:00,ETHUSDC,adapt_l,long,0.1330,0.1330,0.4434,0.2771,2438.5720,2449.3843,tp,0.443,0.000,-0.00006,0.75,1,0,0.4434,0.8869,15.5405,1,
2026-09-01 23:50:24,NEARUSDC,adapt_l,long,0.4080,0.4080,1.3600,0.8500,2.0167,2.0150,timeout,-0.086,0.040,0.00091,0.83,1,1,-0.1271,-0.2542,92665.0556,1,
2026-09-01 23:50:32,FILUSDC,fixed_s,short,0.2000,0.2000,0.5000,0.3000,0.7188,0.7152,tp,0.500,0.000,-0.00004,0.03,1,1,0.5000,1.0001,42356.3000,1,
2026-09-01 23:50:46,TRUMPUSDC,fixed_l,long,0.2000,0.2000,0.5000,0.3000,2.3693,2.3811,tp,0.500,0.000,-0.00001,0.06,1,1,0.5000,1.0000,13320.2800,1,
2026-09-01 23:51:00,ETHFIUSDC,fixed_s,short,0.2000,0.2000,0.5000,0.3000,0.5779,0.5796,stop,-0.300,0.040,-0.00002,0.03,1,1,-0.3400,-0.6800,542.9000,1,
2026-09-01 23:52:27,ETHFIUSDC,deep_s,short,0.2000,0.5000,0.6000,0.5000,0.5796,0.5825,stop,-0.500,0.040,-0.00002,0.03,1,1,-0.5400,-1.0800,13438.1667,1,
2026-09-01 23:52:56,BTCUSDC,adapt_l,long,0.1400,0.1400,0.4666,0.2916,77798.7523,77979.4000,timeout,0.232,0.040,0.00029,0.80,1,0,0.1919,0.3838,1.9405,1,
2026-09-01 23:53:03,BNBUSDC,adapt_l,long,0.0962,0.0962,0.3205,0.2003,685.6501,687.3700,timeout,0.251,0.040,0.00000,0.80,1,0,0.2108,0.4217,36.7150,1,
2026-09-01 23:53:28,HBARUSDC,adapt_l,long,0.2160,0.2160,0.7201,0.4501,0.0743,0.0745,timeout,0.324,0.040,0.00031,0.80,1,1,0.2839,0.5679,142183.0000,1,
2026-09-01 23:53:35,ORDIUSDC,fixed_s,short,0.2000,0.2000,0.5000,0.3000,3.9158,3.9276,stop,-0.300,0.040,-0.00018,0.29,1,1,-0.3398,-0.6796,4312.2111,1,
2026-09-01 23:53:42,TRUMPUSDC,mom_s,short,0.3000,1.0000,0.8000,0.5000,2.3856,2.3665,tp,0.800,0.000,0.00006,0.26,1,1,0.7999,1.5999,124602.5370,1,
2026-09-01 23:54:01,WLFIUSDC,mom_l,long,0.3000,1.0000,0.8000,0.5000,0.0564,0.0566,timeout,0.407,0.040,0.00050,0.80,1,1,0.3668,0.7335,523214.8065,1,
2026-09-01 23:55:25,TRUMPUSDC,fixed_l,long,0.2000,0.2000,0.5000,0.3000,2.3712,2.3641,stop,-0.300,0.040,-0.00000,0.02,1,0,-0.3400,-0.6800,8097.6000,1,
2026-09-01 23:55:43,ETHFIUSDC,fixed_s,short,0.2000,0.2000,0.5000,0.3000,0.5822,0.5839,stop,-0.300,0.040,-0.00002,0.02,1,0,-0.3400,-0.6800,9868.2500,1,
2026-09-01 23:55:45,ETHFIUSDC,mom30_l,long,0.7000,3.0000,3.0000,1.0000,0.0000,0.5513,expired,0.000,0.000,0.00000,2.02,0,0,0.0000,0.0000,0.0000,1,
2026-09-01 23:57:46,LINKUSDC,adapt_l,long,0.2494,0.2494,0.8314,0.5196,11.3496,11.4230,timeout,0.647,0.040,0.00103,0.82,1,1,0.6055,1.2110,6657.0700,1,
2026-09-01 23:59:35,HBARUSDC,mom30_s,short,0.7000,3.0000,3.0000,1.0000,0.0000,0.0764,expired,0.000,0.000,0.00000,2.00,0,0,0.0000,0.0000,0.0000,1,
2026-09-02 00:01:19,WLDUSDC,deep_s,short,0.2000,0.5000,0.6000,0.5000,0.3731,0.3708,tp,0.600,0.000,-0.00044,0.35,1,1,0.6004,1.2009,91161.1295,1,
2026-09-02 00:01:22,TRUMPUSDC,adapt_s,short,0.3264,0.3264,1.0880,0.6800,2.3888,2.3628,tp,1.088,0.000,0.00007,0.39,1,1,1.0880,2.1759,39265.9667,1,
2026-09-02 00:01:26,ARBUSDC,fixed_s,short,0.2000,0.2000,0.5000,0.3000,0.1099,0.1094,tp,0.500,0.000,-0.00006,0.05,1,1,0.5001,1.0001,177385.5000,1,
2026-09-02 00:02:22,ADAUSDC,fixed_l,long,0.2000,0.2000,0.5000,0.3000,0.1991,0.1985,stop,-0.300,0.040,0.00001,0.03,1,1,-0.3400,-0.6800,247247.9600,1,
2026-09-02 00:02:39,FILUSDC,adapt_s,short,0.3446,0.3446,1.1486,0.7179,0.7153,0.7070,tp,1.149,0.000,-0.00048,0.38,1,1,1.1491,2.2982,72830.3250,1,
2026-09-02 00:02:51,WLDUSDC,mom_s,short,0.3000,1.0000,0.8000,0.5000,0.3726,0.3696,tp,0.800,0.000,-0.00048,0.38,1,1,0.8005,1.6010,74373.1550,1,
2026-09-02 00:05:24,LTCUSDC,fixed_s,short,0.2000,0.2000,0.5000,0.3000,49.8896,49.6401,tp,0.500,0.000,0.00019,0.43,1,1,0.4998,0.9996,1012.9535,1,
2026-09-02 00:08:32,SOLUSDC,deep_s,short,0.2000,0.5000,0.6000,0.5000,102.2487,101.6352,tp,0.600,0.000,0.00036,0.28,1,1,0.5996,1.1993,9935.5662,1,
2026-09-02 00:08:41,ADAUSDC,adapt_s,short,0.2378,0.2378,0.7925,0.4953,0.2000,0.1984,tp,0.793,0.000,-0.00014,0.39,1,1,0.7927,1.5854,430616.7143,1,
2026-09-02 00:09:09,WLDUSDC,adapt_s,short,0.3435,0.3435,1.1450,0.7156,0.3716,0.3699,timeout,0.450,0.040,-0.00101,0.81,1,1,0.4110,0.8219,20778.5000,1,
2026-09-02 00:09:30,KAITOUSDC,fixed_s,short,0.2000,0.2000,0.5000,0.3000,0.3043,0.3028,tp,0.500,0.000,0.00030,0.18,1,1,0.4997,0.9994,69263.6412,1,
2026-09-02 00:09:33,NEOUSDC,fixed_l,long,0.2000,0.2000,0.5000,0.3000,2.0459,2.0398,stop,-0.300,0.040,0.00004,0.03,1,1,-0.3400,-0.6801,942.4814,1,
2026-09-02 00:09:33,NEOUSDC,adapt_l,long,0.2250,0.2250,0.7499,0.4687,2.0454,2.0358,stop,-0.469,0.040,0.00004,0.03,1,1,-0.5087,-1.0174,942.4814,1,
2026-09-02 00:09:34,NEOUSDC,deep_l,long,0.2000,0.5000,0.6000,0.5000,2.0397,2.0296,stop,-0.500,0.040,0.00000,0.00,1,1,-0.5400,-1.0800,2154.9667,1,
2026-09-02 00:10:12,ADAUSDC,deep_s,short,0.2000,0.5000,0.6000,0.5000,0.1993,0.1981,tp,0.600,0.000,-0.00020,0.61,1,1,0.6002,1.2004,1499629.1067,1,
2026-09-02 00:10:46,ARBUSDC,fixed_l,long,0.2000,0.2000,0.5000,0.3000,0.1083,0.1088,tp,0.500,0.000,0.00000,0.00,1,1,0.5000,1.0000,180659.9650,1,
2026-09-02 00:11:06,WLFIUSDC,fixed_s,short,0.2000,0.2000,0.5000,0.3000,0.0569,0.0571,stop,-0.300,0.040,-0.00005,0.08,1,1,-0.3399,-0.6799,131503.6667,1,
2026-09-02 00:11:32,ETHUSDC,adapt_s,short,0.1392,0.1392,0.4639,0.2899,2449.7445,2438.3803,tp,0.464,0.000,-0.00002,0.33,1,1,0.4639,0.9278,33.3096,1,
2026-09-02 00:11:41,LINKUSDC,mom15_l,long,0.5000,2.5000,2.0000,0.8000,0.0000,11.1677,expired,0.000,0.000,0.00000,2.02,0,0,0.0000,0.0000,0.0000,1,
2026-09-02 00:12:04,HBARUSDC,mom15_l,long,0.5000,2.5000,2.0000,0.8000,0.0000,0.0730,expired,0.000,0.000,0.00000,2.02,0,0,0.0000,0.0000,0.0000,1,
2026-09-02 00:12:13,WLDUSDC,mom15_l,long,0.5000,2.5000,2.0000,0.8000,0.0000,0.3616,expired,0.000,0.000,0.00000,2.02,0,0,0.0000,0.0000,0.0000,1,
2026-09-02 00:12:16,TRUMPUSDC,mom15_l,long,0.5000,2.5000,2.0000,0.8000,0.0000,2.3244,expired,0.000,0.000,0.00000,2.02,0,0,0.0000,0.0000,0.0000,1,
2026-09-02 00:12:37,NEOUSDC,mom15_l,long,0.5000,2.5000,2.0000,0.8000,0.0000,2.0046,expired,0.000,0.000,0.00000,2.02,0,0,0.0000,0.0000,0.0000,1,
2026-09-02 00:12:39,WLFIUSDC,adapt_s,short,0.2087,0.2087,0.6956,0.4347,0.0569,0.0571,stop,-0.435,0.040,-0.00007,0.11,1,1,-0.4747,-0.9493,133500.6667,1,
2026-09-02 00:14:48,ETHUSDC,adapt_l,long,0.1428,0.1428,0.4760,0.2975,2439.9210,2432.6627,stop,-0.297,0.040,0.00000,0.08,1,1,-0.3375,-0.6750,78.3640,1,
2026-09-02 00:14:59,ADAUSDC,fixed_l,long,0.2000,0.2000,0.5000,0.3000,0.1982,0.1976,stop,-0.300,0.040,0.00003,0.08,1,1,-0.3400,-0.6801,303149.3600,1,
2026-09-02 00:15:05,LTCUSDC,mom_s,short,0.3000,1.0000,0.8000,0.5000,49.8233,49.4247,tp,0.800,0.000,0.00028,0.59,1,1,0.7997,1.5994,4359.8460,1,
2026-09-02 00:15:11,NEARUSDC,fixed_l,long,0.2000,0.2000,0.5000,0.3000,2.0020,1.9960,stop,-0.300,0.040,0.00000,0.00,1,1,-0.3400,-0.6800,110398.9605,1,
2026-09-02 00:15:12,NEARUSDC,adapt_s,short,0.4344,0.4344,1.4479,0.9049,2.0248,1.9954,tp,1.448,0.000,-0.00062,0.69,1,1,1.4485,2.8970,49433.7273,1,
2026-09-02 00:15:26,WIFUSDC,fixed_l,long,0.2000,0.2000,0.5000,0.3000,0.1989,0.1983,stop,-0.300,0.040,0.00005,0.08,1,1,-0.3400,-0.6801,142727.0050,1,
2026-09-02 00:18:26,NEARUSDC,deep_l,long,0.2000,0.5000,0.6000,0.5000,1.9960,1.9860,stop,-0.500,0.040,0.00005,0.05,1,1,-0.5400,-1.0801,138362.6711,1,
2026-09-02 00:19:50,DOGEUSDC,adapt_s,short,0.1915,0.1915,0.6385,0.3991,0.0827,0.0821,tp,0.638,0.000,-0.00069,0.55,1,1,0.6392,1.2784,1523806.0000,1,
2026-09-02 00:20:04,ADAUSDC,adapt_l,long,0.2366,0.2366,0.7888,0.4930,0.1982,0.1973,stop,-0.493,0.040,0.00006,0.16,1,1,-0.5330,-1.0661,292563.7667,1,
2026-09-02 00:20:17,SUIUSDC,deep_s,short,0.2000,0.5000,0.6000,0.5000,0.7298,0.7255,tp,0.600,0.000,-0.00069,0.68,1,1,0.6007,1.2014,296098.1429,1,
2026-09-02 00:20:38,TRUMPUSDC,fixed_l,long,0.2000,0.2000,0.5000,0.3000,2.3583,2.3512,stop,-0.300,0.040,-0.00004,0.27,1,1,-0.3400,-0.6799,11698.9800,1,
2026-09-02 00:20:39,TRUMPUSDC,adapt_l,long,0.3220,0.3220,1.0733,0.6708,2.3664,2.3505,stop,-0.671,0.040,-0.00007,0.45,1,1,-0.7107,-1.4215,67392.3540,1,
2026-09-02 00:20:40,TRUMPUSDC,deep_l,long,0.2000,0.5000,0.6000,0.5000,2.3621,2.3503,stop,-0.500,0.040,-0.00005,0.32,1,1,-0.5399,-1.0799,63923.9380,1,
2026-09-02 00:20:44,ARBUSDC,fixed_l,long,0.2000,0.2000,0.5000,0.3000,0.1081,0.1078,stop,-0.300,0.040,0.00000,0.00,1,1,-0.3400,-0.6800,119434.3000,1,
2026-09-02 00:20:45,ARBUSDC,mom_l,long,0.3000,1.0000,0.8000,0.5000,0.1083,0.1077,stop,-0.500,0.040,0.00020,0.16,1,1,-0.5402,-1.0804,170234.4269,1,
2026-09-02 00:20:47,BIOUSDC,fixed_l,long,0.2000,0.2000,0.5000,0.3000,0.0260,0.0259,stop,-0.300,0.040,0.00010,0.16,1,1,-0.3401,-0.6802,40045.5000,1,
2026-09-02 00:20:49,BIOUSDC,mom_s,short,0.3000,1.0000,0.8000,0.5000,0.0261,0.0259,tp,0.800,0.000,-0.00036,0.58,1,1,0.8004,1.6007,1148940.7500,1,
2026-09-02 00:21:01,ETHFIUSDC,adapt_s,short,0.4431,0.4431,1.4771,0.9232,0.5836,0.5750,tp,1.477,0.000,-0.00028,0.45,1,1,1.4774,2.9548,13670.8000,1,
2026-09-02 00:21:38,SOLUSDC,fixed_l,long,0.2000,0.2000,0.5000,0.3000,101.4467,101.1424,stop,-0.300,0.040,-0.00016,0.11,1,1,-0.3398,-0.6797,8701.9367,1,
2026-09-02 00:21:41,DOGEUSDC,fixed_l,long,0.2000,0.2000,0.5000,0.3000,0.0823,0.0820,stop,-0.300,0.040,0.00021,0.17,1,1,-0.3402,-0.6804,1592176.7143,1,
2026-09-02 00:21:46,XRPUSDC,fixed_l,long,0.2000,0.2000,0.5000,0.3000,1.3714,1.3672,stop,-0.300,0.040,0.00012,0.17,1,1,-0.3401,-0.6802,190852.2429,1,
2026-09-02 00:22:16,WIFUSDC,adapt_s,short,0.3709,0.3709,1.2362,0.7726,0.2004,0.1980,tp,1.236,0.000,-0.00038,0.61,1,1,1.2366,2.4732,64026.2714,1,
2026-09-02 00:22:19,ORDIUSDC,fixed_l,long,0.2000,0.2000,0.5000,0.3000,3.9012,3.8895,stop,-0.300,0.040,0.00012,0.19,1,1,-0.3401,-0.6802,2886.7000,1,
2026-09-02 00:22:27,ARBUSDC,deep_l,long,0.2000,0.5000,0.6000,0.5000,0.1081,0.1076,stop,-0.500,0.040,0.00004,0.03,1,1,-0.5400,-1.0801,172158.8250,1,
2026-09-02 00:22:32,BOMEUSDC,fixed_l,long,0.2000,0.2000,0.5000,0.3000,0.0009,0.0009,stop,-0.300,0.040,0.00016,0.25,1,1,-0.3402,-0.6803,11665340.3333,1,
2026-09-02 10:00:21,UNIUSDC,fixed_s,short,0.2000,0.2000,0.5000,0.3000,5.8667,5.8374,tp,0.500,0.000,-0.00003,0.02,1,1,0.5000,1.0001,7135.0000,1,
2026-09-02 10:00:32,ARBUSDC,fixed_s,short,0.2000,0.2000,0.5000,0.3000,0.1103,0.1097,tp,0.500,0.000,-0.00001,0.01,1,1,0.5000,1.0000,120088.9833,1,
2026-09-02 10:01:21,ARBUSDC,fixed_l,long,0.2000,0.2000,0.5000,0.3000,0.1097,0.1094,stop,-0.300,0.040,0.00000,0.00,1,0,-0.3400,-0.6800,30396.4500,1,
2026-09-02 10:02:01,FILUSDC,fixed_s,short,0.2000,0.2000,0.5000,0.3000,0.7691,0.7653,tp,0.500,0.000,-0.00009,0.07,1,1,0.5001,1.0002,29152.3250,1,
2026-09-02 10:03:29,UNIUSDC,fixed_l,long,0.2000,0.2000,0.5000,0.3000,5.8153,5.8444,tp,0.500,0.000,0.00003,0.03,1,0,0.5000,0.9999,240.5000,1,
2026-09-02 10:05:59,FILUSDC,fixed_l,long,0.2000,0.2000,0.5000,0.3000,0.7653,0.7691,tp,0.500,0.000,0.00008,0.07,1,1,0.4999,0.9998,9377.7000,1,
2026-09-02 10:06:47,ADAUSDC,fixed_s,short,0.2000,0.2000,0.5000,0.3000,0.1945,0.1951,stop,-0.300,0.040,-0.00007,0.11,1,1,-0.3399,-0.6799,186861.7500,1,
2026-09-02 10:07:06,ARBUSDC,deep_l,long,0.2000,0.5000,0.6000,0.5000,0.1094,0.1100,tp,0.600,0.000,0.00012,0.09,1,1,0.5999,1.1998,149343.7000,1,
2026-09-02 10:07:13,NEOUSDC,adapt_s,short,0.1675,0.1675,0.5585,0.3490,2.0094,2.0164,stop,-0.349,0.040,-0.00013,0.11,1,1,-0.3889,-0.7778,339.5473,1,
2026-09-02 10:07:35,BTCUSDC,adapt_s,short,0.1144,0.1144,0.3813,0.2383,76933.8995,77117.2331,stop,-0.238,0.040,-0.00016,0.13,1,1,-0.2781,-0.5563,3.7270,1,
2026-09-02 10:07:39,BNBUSDC,adapt_s,short,0.1339,0.1339,0.4464,0.2790,682.4027,684.3068,stop,-0.279,0.040,0.00000,0.13,1,0,-0.3190,-0.6380,29.5500,1,
2026-09-02 10:07:41,ADAUSDC,adapt_s,short,0.2406,0.2406,0.8019,0.5012,0.1946,0.1955,stop,-0.501,0.040,-0.00004,0.07,1,1,-0.5411,-1.0822,334870.1667,1,
2026-09-02 10:07:44,UNIUSDC,fixed_l,long,0.2000,0.2000,0.5000,0.3000,5.7984,5.8274,tp,0.500,0.000,0.00004,0.03,1,0,0.5000,0.9999,1313.3333,1,
2026-09-02 10:07:45,UNIUSDC,deep_l,long,0.2000,0.5000,0.6000,0.5000,5.7979,5.8327,tp,0.600,0.000,0.00006,0.04,1,1,0.5999,1.1999,6191.1667,1,
2026-09-02 10:07:46,UNIUSDC,mom_l,long,0.3000,1.0000,0.8000,0.5000,5.7965,5.8428,tp,0.800,0.000,0.00006,0.04,1,1,0.7999,1.5999,11623.7857,0,
2026-09-02 10:07:48,SUIUSDC,fixed_s,short,0.2000,0.2000,0.5000,0.3000,0.7123,0.7145,stop,-0.300,0.040,-0.00007,0.07,1,1,-0.3399,-0.6799,126521.5917,1,
2026-09-02 10:07:50,TIAUSDC,fixed_s,short,0.2000,0.2000,0.5000,0.3000,0.3458,0.3468,stop,-0.300,0.040,0.00001,0.02,1,1,-0.3400,-0.6800,20376.0625,1,
2026-09-02 10:07:51,FILUSDC,fixed_s,short,0.2000,0.2000,0.5000,0.3000,0.7705,0.7728,stop,-0.300,0.040,-0.00002,0.02,1,0,-0.3400,-0.6800,23578.3000,1,
2026-09-02 10:07:51,FILUSDC,deep_s,short,0.2000,0.5000,0.6000,0.5000,0.7714,0.7753,stop,-0.500,0.040,-0.00002,0.02,1,1,-0.5400,-1.0800,50894.5437,1,
2026-09-02 10:07:53,WIFUSDC,fixed_s,short,0.2000,0.2000,0.5000,0.3000,0.1915,0.1921,stop,-0.300,0.040,-0.00001,0.02,1,1,-0.3400,-0.6800,56951.7688,1,
2026-09-02 10:07:57,WLDUSDC,fixed_s,short,0.2000,0.2000,0.5000,0.3000,0.3580,0.3591,stop,-0.300,0.040,-0.00002,0.02,1,1,-0.3400,-0.6800,45463.9563,1,
2026-09-02 10:08:02,BIOUSDC,fixed_s,short,0.2000,0.2000,0.5000,0.3000,0.0252,0.0253,stop,-0.300,0.040,-0.00001,0.02,1,1,-0.3400,-0.6800,239392.2857,1,
2026-09-02 10:08:04,CRVUSDC,fixed_s,short,0.2000,0.2000,0.5000,0.3000,0.3699,0.3710,stop,-0.300,0.040,-0.00002,0.02,1,1,-0.3400,-0.6800,85686.0000,1,
2026-09-02 10:08:08,NEOUSDC,fixed_s,short,0.2000,0.2000,0.5000,0.3000,2.0130,2.0191,stop,-0.300,0.040,-0.00002,0.02,1,1,-0.3400,-0.6800,584.8748,1,
2026-09-02 10:09:47,CRVUSDC,deep_s,short,0.2000,0.5000,0.6000,0.5000,0.3710,0.3729,stop,-0.500,0.040,-0.00004,0.03,1,1,-0.5400,-1.0799,107837.9000,1,
2026-09-02 10:11:19,FILUSDC,fixed_s,short,0.2000,0.2000,0.5000,0.3000,0.7774,0.7735,tp,0.500,0.000,-0.00002,0.01,1,1,0.5000,1.0000,4671.7333,1,
2026-09-02 10:11:20,FILUSDC,mom_s,short,0.3000,1.0000,0.8000,0.5000,0.7745,0.7783,stop,-0.500,0.040,-0.00009,0.07,1,1,-0.5399,-1.0798,48441.2250,0,
2026-09-02 10:12:28,CRVUSDC,fixed_s,short,0.2000,0.2000,0.5000,0.3000,0.3717,0.3729,stop,-0.300,0.040,-0.00006,0.04,1,1,-0.3399,-0.6799,22087.1500,1,
2026-09-02 10:13:04,NEARUSDC,fixed_l,long,0.2000,0.2000,0.5000,0.3000,1.8313,1.8405,tp,0.500,0.000,0.00023,0.19,1,1,0.4998,0.9995,10574.3333,1,
2026-09-02 10:14:12,CRVUSDC,fixed_s,short,0.2000,0.2000,0.5000,0.3000,0.3745,0.3727,tp,0.500,0.000,-0.00002,0.01,1,1,0.5000,1.0000,65260.3000,1,
2026-09-02 10:14:52,FILUSDC,fixed_l,long,0.2000,0.2000,0.5000,0.3000,0.7711,0.7687,stop,-0.300,0.040,0.00005,0.04,1,0,-0.3401,-0.6801,14980.8500,1,
2026-09-02 10:15:04,CRVUSDC,deep_s,short,0.2000,0.5000,0.6000,0.5000,0.3747,0.3724,tp,0.600,0.000,-0.00004,0.03,1,1,0.6000,1.2001,82835.8667,1,
2026-09-02 10:15:38,UNIUSDC,fixed_s,short,0.2000,0.2000,0.5000,0.3000,5.8306,5.8481,stop,-0.300,0.040,-0.00016,0.13,1,0,-0.3398,-0.6797,2954.5000,1,
2026-09-02 10:16:31,NEARUSDC,fixed_s,short,0.2000,0.2000,0.5000,0.3000,1.8407,1.8462,stop,-0.300,0.040,-0.00007,0.06,1,1,-0.3399,-0.6799,26535.2174,1,
2026-09-02 10:17:23,XRPUSDC,fixed_s,short,0.2000,0.2000,0.5000,0.3000,1.3350,1.3390,stop,-0.300,0.040,-0.00020,0.18,1,1,-0.3398,-0.6796,231692.2188,1,
2026-09-02 10:19:25,BOMEUSDC,fixed_s,short,0.2000,0.2000,0.5000,0.3000,0.0009,0.0009,stop,-0.300,0.040,-0.00006,0.10,1,1,-0.3399,-0.6799,12468379.6250,1,
2026-09-02 10:20:17,ETHFIUSDC,fixed_s,short,0.2000,0.2000,0.5000,0.3000,0.5541,0.5558,stop,-0.300,0.040,-0.00008,0.13,1,1,-0.3399,-0.6798,3679.5286,1,
2026-09-02 10:20:50,UNIUSDC,fixed_s,short,0.2000,0.2000,0.5000,0.3000,5.8717,5.8893,stop,-0.300,0.040,-0.00004,0.03,1,0,-0.3400,-0.6799,5109.6667,1,
2026-09-02 10:20:50,UNIUSDC,deep_s,short,0.2000,0.5000,0.6000,0.5000,5.8843,5.9137,stop,-0.500,0.040,-0.00004,0.03,1,1,-0.5400,-1.0799,15252.1333,1,
2026-09-02 10:20:51,UNIUSDC,mom_s,short,0.3000,1.0000,0.8000,0.5000,5.8732,5.9025,stop,-0.500,0.040,-0.00004,0.03,1,1,-0.5400,-1.0799,15783.9048,0,
2026-09-02 10:20:53,SUIUSDC,fixed_s,short,0.2000,0.2000,0.5000,0.3000,0.7147,0.7169,stop,-0.300,0.040,-0.00013,0.13,1,1,-0.3399,-0.6797,113471.9000,1,
2026-09-02 10:20:59,ORDIUSDC,fixed_s,short,0.2000,0.2000,0.5000,0.3000,3.8737,3.8854,stop,-0.300,0.040,-0.00009,0.22,1,1,-0.3399,-0.6798,8001.1588,1,
2026-09-02 10:21:01,WLDUSDC,fixed_s,short,0.2000,0.2000,0.5000,0.3000,0.3595,0.3606,stop,-0.300,0.040,-0.00014,0.12,1,1,-0.3399,-0.6797,34967.6286,1,
2026-09-02 10:21:02,TRUMPUSDC,fixed_s,short,0.2000,0.2000,0.5000,0.3000,2.2495,2.2562,stop,-0.300,0.040,-0.00015,0.23,1,1,-0.3399,-0.6797,30394.1233,1,
2026-09-02 10:21:07,BOMEUSDC,adapt_s,short,0.2260,0.2260,0.7533,0.4708,0.0009,0.0009,stop,-0.471,0.040,-0.00008,0.13,1,1,-0.5108,-1.0215,13409428.7500,1,
2026-09-02 10:21:33,ETHUSDC,adapt_s,short,0.1531,0.1531,0.5102,0.3189,2397.4139,2405.0586,stop,-0.319,0.040,-0.00033,0.38,1,1,-0.3585,-0.7171,52.3510,1,
2026-09-02 10:21:35,DOGEUSDC,fixed_s,short,0.2000,0.2000,0.5000,0.3000,0.0808,0.0810,stop,-0.300,0.040,-0.00031,0.25,1,1,-0.3397,-0.6794,3550964.4000,1,
2026-09-02 10:21:37,XRPUSDC,adapt_s,short,0.2071,0.2071,0.6904,0.4315,1.3351,1.3408,stop,-0.431,0.040,-0.00029,0.25,1,1,-0.4712,-0.9424,234718.2062,1,
2026-09-02 10:21:39,ADAUSDC,deep_s,short,0.2000,0.5000,0.6000,0.5000,0.1951,0.1960,stop,-0.500,0.040,-0.00016,0.25,1,1,-0.5398,-1.0797,1331304.4375,1,
2026-09-02 10:21:43,UNIUSDC,adapt_s,short,0.4587,0.4587,1.5289,0.9556,5.8819,5.9381,stop,-0.956,0.040,-0.00005,0.04,1,1,-0.9955,-1.9910,15790.6000,1,
2026-09-02 10:21:46,SUIUSDC,deep_s,short,0.2000,0.5000,0.6000,0.5000,0.7145,0.7180,stop,-0.500,0.040,-0.00023,0.23,1,1,-0.5398,-1.0795,361382.8235,1,
2026-09-02 10:21:52,WIFUSDC,fixed_s,short,0.2000,0.2000,0.5000,0.3000,0.1919,0.1925,stop,-0.300,0.040,-0.00004,0.07,1,1,-0.3400,-0.6799,30237.3818,1,
2026-09-02 10:21:56,WLDUSDC,deep_s,short,0.2000,0.5000,0.6000,0.5000,0.3591,0.3609,stop,-0.500,0.040,-0.00028,0.23,1,1,-0.5397,-1.0794,91244.1765,1,
2026-09-02 10:22:03,BOMEUSDC,deep_s,short,0.2000,0.5000,0.6000,0.5000,0.0009,0.0009,stop,-0.500,0.040,-0.00003,0.04,1,1,-0.5400,-1.0799,15561016.0667,1,
2026-09-02 10:22:38,ADAUSDC,fixed_s,short,0.2000,0.2000,0.5000,0.3000,0.1958,0.1964,stop,-0.300,0.040,-0.00005,0.09,1,1,-0.3399,-0.6799,779648.9000,1,
2026-09-02 10:22:45,TIAUSDC,fixed_s,short,0.2000,0.2000,0.5000,0.3000,0.3469,0.3479,stop,-0.300,0.040,0.00003,0.16,1,1,-0.3400,-0.6801,2978.6667,1,
2026-09-02 10:22:57,BIOUSDC,adapt_s,short,0.2332,0.2332,0.7772,0.4858,0.0252,0.0254,stop,-0.486,0.040,-0.00017,0.26,1,1,-0.5256,-1.0512,239392.2857,1,
2026-09-02 10:23:37,SUIUSDC,adapt_s,short,0.2930,0.2930,0.9766,0.6104,0.7143,0.7186,stop,-0.610,0.040,-0.00027,0.28,1,1,-0.6501,-1.3002,374856.5100,1,
2026-09-02 10:23:51,BOMEUSDC,fixed_s,short,0.2000,0.2000,0.5000,0.3000,0.0009,0.0009,stop,-0.300,0.040,-0.00001,0.02,1,0,-0.3400,-0.6800,147997.0000,1,
2026-09-02 10:24:30,FILUSDC,fixed_l,long,0.2000,0.2000,0.5000,0.3000,0.7680,0.7657,stop,-0.300,0.040,0.00004,0.03,1,1,-0.3400,-0.6801,36452.6000,1,
2026-09-02 10:24:30,TIAUSDC,deep_s,short,0.2000,0.5000,0.6000,0.5000,0.3468,0.3486,stop,-0.500,0.040,0.00003,0.28,1,1,-0.5400,-1.0801,58359.1765,1,
2026-09-02 10:24:35,ORDIUSDC,adapt_s,short,0.2516,0.2516,0.8386,0.5241,3.8757,3.8960,stop,-0.524,0.040,-0.00005,0.12,1,1,-0.5641,-1.1282,1846.6462,1,
2026-09-02 10:24:37,WLDUSDC,mom_s,short,0.3000,1.0000,0.8000,0.5000,0.3599,0.3617,stop,-0.500,0.040,-0.00009,0.07,1,1,-0.5399,-1.0798,61560.3609,0,
2026-09-02 10:24:39,ARBUSDC,fixed_s,short,0.2000,0.2000,0.5000,0.3000,0.1104,0.1108,stop,-0.300,0.040,-0.00004,0.03,1,1,-0.3400,-0.6799,153850.3789,1,
2026-09-02 10:24:40,ARBUSDC,deep_s,short,0.2000,0.5000,0.6000,0.5000,0.1106,0.1112,stop,-0.500,0.040,-0.00004,0.03,1,1,-0.5400,-1.0799,154783.3545,1,
2026-09-02 10:24:45,ETHFIUSDC,adapt_s,short,0.2949,0.2949,0.9830,0.6144,0.5546,0.5580,stop,-0.614,0.040,-0.00006,0.10,1,1,-0.6543,-1.3086,7834.7643,1,
2026-09-02 10:24:46,ETHFIUSDC,deep_s,short,0.2000,0.5000,0.6000,0.5000,0.5558,0.5585,stop,-0.500,0.040,-0.00005,0.07,1,1,-0.5400,-1.0799,18115.4938,1,
2026-09-02 10:24:46,KAITOUSDC,fixed_s,short,0.2000,0.2000,0.5000,0.3000,0.2995,0.3004,stop,-0.300,0.040,-0.00004,0.07,1,1,-0.3400,-0.6799,44445.2400,1,
2026-09-02 10:25:12,DOGEUSDC,adapt_s,short,0.1896,0.1896,0.6319,0.3949,0.0808,0.0811,stop,-0.395,0.040,-0.00039,0.31,1,1,-0.4346,-0.8691,3430092.2000,1,
2026-09-02 10:25:14,LINKUSDC,fixed_s,short,0.2000,0.2000,0.5000,0.3000,11.1182,11.1515,stop,-0.300,0.040,-0.00039,0.31,1,1,-0.3396,-0.6792,4687.7919,1,
2026-09-02 10:25:15,ADAUSDC,adapt_s,short,0.2588,0.2588,0.8625,0.5391,0.1957,0.1968,stop,-0.539,0.040,-0.00008,0.13,1,1,-0.5790,-1.1580,808401.1091,1,
2026-09-02 10:25:16,AVAXUSDC,fixed_s,short,0.2000,0.2000,0.5000,0.3000,7.1433,7.1647,stop,-0.300,0.040,0.00002,0.31,1,1,-0.3400,-0.6800,10117.9944,1,
2026-09-02 10:25:20,NEARUSDC,adapt_s,short,0.2999,0.2999,0.9997,0.6248,1.8445,1.8560,stop,-0.625,0.040,-0.00024,0.19,1,1,-0.6645,-1.3291,55643.2778,1,
2026-09-02 10:25:20,NEARUSDC,deep_s,short,0.2000,0.5000,0.6000,0.5000,1.8462,1.8554,stop,-0.500,0.040,-0.00018,0.15,1,1,-0.5398,-1.0796,57333.8519,1,
2026-09-02 10:25:23,TIAUSDC,fixed_s,short,0.2000,0.2000,0.5000,0.3000,0.3487,0.3497,stop,-0.300,0.040,0.00000,0.01,1,0,-0.3400,-0.6800,14944.5000,1,
2026-09-02 10:25:29,WLDUSDC,adapt_s,short,0.3203,0.3203,1.0676,0.6673,0.3595,0.3619,stop,-0.667,0.040,-0.00023,0.19,1,1,-0.7070,-1.4141,38072.3556,1,
2026-09-02 10:25:30,TRUMPUSDC,fixed_l,long,0.2000,0.2000,0.5000,0.3000,2.2435,2.2547,tp,0.500,0.000,0.00001,0.01,1,1,0.5000,1.0000,4858.9600,1,
2026-09-02 10:25:32,ARBUSDC,adapt_s,short,0.4454,0.4454,1.4845,0.9278,0.1105,0.1116,stop,-0.928,0.040,-0.00006,0.04,1,1,-0.9678,-1.9355,163273.5212,1,
2026-09-02 10:25:33,ARBUSDC,mom_s,short,0.3000,1.0000,0.8000,0.5000,0.1110,0.1116,stop,-0.500,0.040,-0.00002,0.01,1,1,-0.5400,-1.0800,152025.4379,0,
2026-09-02 10:25:33,BIOUSDC,fixed_s,short,0.2000,0.2000,0.5000,0.3000,0.0254,0.0254,stop,-0.300,0.040,-0.00005,0.07,1,1,-0.3400,-0.6799,196744.2000,1,
2026-09-02 10:26:02,ETHUSDC,fixed_s,short,0.2000,0.2000,0.5000,0.3000,2399.4894,2406.6879,stop,-0.300,0.040,-0.00029,0.32,1,1,-0.3397,-0.6794,36.7108,1,
2026-09-02 10:26:25,BOMEUSDC,adapt_s,short,0.2416,0.2416,0.8055,0.5034,0.0009,0.0009,stop,-0.503,0.040,-0.00004,0.06,1,0,-0.5434,-1.0868,640151.0000,1,
2026-09-02 10:27:21,BOMEUSDC,fixed_s,short,0.2000,0.2000,0.5000,0.3000,0.0009,0.0009,stop,-0.300,0.040,-0.00001,0.01,1,1,-0.3400,-0.6800,7942305.6667,1,
2026-09-02 10:27:21,BOMEUSDC,deep_s,short,0.2000,0.5000,0.6000,0.5000,0.0009,0.0009,stop,-0.500,0.040,-0.00001,0.01,1,1,-0.5400,-1.0800,13498021.4000,1,
2026-09-02 10:27:58,AVAXUSDC,adapt_s,short,0.1725,0.1725,0.5751,0.3595,7.1413,7.1670,stop,-0.359,0.040,0.00001,0.35,1,1,-0.3995,-0.7990,7575.8219,1,
2026-09-02 10:28:01,NEARUSDC,fixed_s,short,0.2000,0.2000,0.5000,0.3000,1.8537,1.8593,stop,-0.300,0.040,-0.00011,0.09,1,1,-0.3399,-0.6798,13905.1429,1,
2026-09-02 10:28:02,NEARUSDC,mom_s,short,0.3000,1.0000,0.8000,0.5000,1.8503,1.8596,stop,-0.500,0.040,-0.00015,0.12,1,1,-0.5399,-1.0797,83610.5417,0,
2026-09-02 10:28:05,TIAUSDC,adapt_s,short,0.4312,0.4312,1.4372,0.8983,0.3477,0.3508,stop,-0.898,0.040,0.00001,0.10,1,1,-0.9383,-1.8765,31976.7222,1,
2026-09-02 10:28:08,WIFUSDC,fixed_s,short,0.2000,0.2000,0.5000,0.3000,0.1928,0.1934,stop,-0.300,0.040,-0.00003,0.04,1,1,-0.3400,-0.6799,22035.4500,1,
2026-09-02 10:28:09,WIFUSDC,adapt_s,short,0.2879,0.2879,0.9598,0.5999,0.1921,0.1932,stop,-0.600,0.040,-0.00021,0.34,1,1,-0.6397,-1.2793,27918.6500,1,
2026-09-02 10:28:09,WIFUSDC,deep_s,short,0.2000,0.5000,0.6000,0.5000,0.1921,0.1930,stop,-0.500,0.040,-0.00021,0.34,1,1,-0.5398,-1.0796,112176.3059,1,
2026-09-02 10:28:47,SOLUSDC,fixed_s,short,0.2000,0.2000,0.5000,0.3000,99.1379,99.4353,stop,-0.300,0.040,0.00023,0.37,1,1,-0.3402,-0.6805,10783.4187,1,
2026-09-02 10:28:50,LINKUSDC,adapt_s,short,0.2194,0.2194,0.7314,0.4572,11.1203,11.1712,stop,-0.457,0.040,-0.00046,0.37,1,1,-0.4967,-0.9934,5366.7500,1,
2026-09-02 10:28:54,UNIUSDC,fixed_s,short,0.2000,0.2000,0.5000,0.3000,5.9519,5.9697,stop,-0.300,0.040,-0.00002,0.02,1,1,-0.3400,-0.6800,11837.7500,1,
2026-09-02 10:29:05,ORDIUSDC,deep_s,short,0.2000,0.5000,0.6000,0.5000,3.8853,3.9048,stop,-0.500,0.040,-0.00007,0.13,1,1,-0.5399,-1.0799,9333.7156,1,
2026-09-02 10:29:18,NEOUSDC,fixed_s,short,0.2000,0.2000,0.5000,0.3000,2.0230,2.0291,stop,-0.300,0.040,-0.00013,0.10,1,1,-0.3399,-0.6797,716.8275,1,
2026-09-02 10:29:19,NEOUSDC,deep_s,short,0.2000,0.5000,0.6000,0.5000,2.0190,2.0291,stop,-0.500,0.040,-0.00044,0.35,1,1,-0.5396,-1.0791,2637.6629,1,
2026-09-02 10:29:41,BTCUSDC,fixed_s,short,0.2000,0.2000,0.5000,0.3000,77053.9002,77285.0619,stop,-0.300,0.040,-0.00045,0.38,1,1,-0.3395,-0.6791,2.3422,1,
2026-09-02 10:29:42,SOLUSDC,adapt_s,short,0.1912,0.1912,0.6374,0.3984,99.1292,99.5241,stop,-0.398,0.040,0.00023,0.38,1,1,-0.4386,-0.8772,10893.2160,1,
2026-09-02 10:29:55,HBARUSDC,fixed_s,short,0.2000,0.2000,0.5000,0.3000,0.0733,0.0736,stop,-0.300,0.040,-0.00001,0.22,1,1,-0.3400,-0.6800,262574.8333,1,
2026-09-02 10:30:42,UNIUSDC,deep_s,short,0.2000,0.5000,0.6000,0.5000,5.9697,5.9339,tp,0.600,0.000,-0.00004,0.03,1,1,0.6000,1.2001,19345.2222,1,
2026-09-02 10:30:48,FILUSDC,fixed_s,short,0.2000,0.2000,0.5000,0.3000,0.7750,0.7774,stop,-0.300,0.040,-0.00004,0.03,1,1,-0.3400,-0.6799,41130.9625,1,
2026-09-02 10:30:56,ARBUSDC,fixed_s,short,0.2000,0.2000,0.5000,0.3000,0.1118,0.1113,tp,0.500,0.000,-0.00006,0.05,1,1,0.5001,1.0001,84045.2750,1,
2026-09-02 10:31:50,TRUMPUSDC,deep_s,short,0.2000,0.5000,0.6000,0.5000,2.2562,2.2427,tp,0.600,0.000,-0.00011,0.18,1,1,0.6001,1.2002,36267.4891,1,
2026-09-02 10:31:59,ETHFIUSDC,fixed_s,short,0.2000,0.2000,0.5000,0.3000,0.5590,0.5607,stop,-0.300,0.040,-0.00007,0.11,1,1,-0.3399,-0.6799,14782.0500,1,
2026-09-02 10:32:39,TIAUSDC,fixed_s,short,0.2000,0.2000,0.5000,0.3000,0.3513,0.3524,stop,-0.300,0.040,0.00001,0.06,1,1,-0.3400,-0.6800,3402.5000,1,
2026-09-02 10:32:41,FILUSDC,adapt_l,long,0.6247,0.6247,2.0823,1.3015,0.7660,0.7819,tp,2.082,0.000,0.00019,0.15,1,1,2.0822,4.1643,45595.9857,1,
2026-09-02 10:33:42,FILUSDC,fixed_s,short,0.2000,0.2000,0.5000,0.3000,0.7810,0.7771,tp,0.500,0.000,-0.00002,0.02,1,1,0.5000,1.0000,40611.1000,1,
2026-09-02 10:33:43,FILUSDC,deep_s,short,0.2000,0.5000,0.6000,0.5000,0.7797,0.7750,tp,0.600,0.000,-0.00002,0.02,1,1,0.6000,1.2000,46663.5107,1,
2026-09-02 10:34:41,ORDIUSDC,fixed_s,short,0.2000,0.2000,0.5000,0.3000,3.8958,3.9075,stop,-0.300,0.040,-0.00010,0.17,1,1,-0.3399,-0.6798,2740.6250,1,
2026-09-02 10:34:42,ORDIUSDC,mom_s,short,0.3000,1.0000,0.8000,0.5000,3.8885,3.9079,stop,-0.500,0.040,-0.00014,0.23,1,1,-0.5399,-1.0797,9063.8650,0,
2026-09-02 10:34:46,ARBUSDC,fixed_s,short,0.2000,0.2000,0.5000,0.3000,0.1122,0.1125,stop,-0.300,0.040,-0.00002,0.02,1,0,-0.3400,-0.6800,51927.5000,1,
2026-09-02 10:34:55,KAITOUSDC,adapt_s,short,0.2233,0.2233,0.7442,0.4651,0.3001,0.3015,stop,-0.465,0.040,-0.00010,0.20,1,1,-0.5050,-1.0101,52957.6158,1,
2026-09-02 10:35:38,WLDUSDC,fixed_s,short,0.2000,0.2000,0.5000,0.3000,0.3618,0.3629,stop,-0.300,0.040,-0.00023,0.18,1,1,-0.3398,-0.6795,56287.6250,1,
2026-09-02 10:35:41,ARBUSDC,deep_s,short,0.2000,0.5000,0.6000,0.5000,0.1122,0.1127,stop,-0.500,0.040,-0.00004,0.03,1,1,-0.5400,-1.0799,144255.9100,1,
2026-09-02 10:35:52,WLFIUSDC,fixed_s,short,0.2000,0.2000,0.5000,0.3000,0.0569,0.0571,stop,-0.300,0.040,-0.00022,0.36,1,1,-0.3398,-0.6796,207368.0000,1,
2026-09-02 10:36:21,UNIUSDC,fixed_s,short,0.2000,0.2000,0.5000,0.3000,5.9709,5.9888,stop,-0.300,0.040,-0.00006,0.05,1,1,-0.3399,-0.6799,12767.6000,1,
2026-09-02 10:36:23,UNIUSDC,mom15_s,short,0.5000,2.5000,2.0000,0.8000,5.9399,5.9874,stop,-0.800,0.040,-0.00031,0.24,1,1,-0.8397,-1.6794,17574.7895,0,
2026-09-02 10:36:25,SUIUSDC,fixed_s,short,0.2000,0.2000,0.5000,0.3000,0.7195,0.7217,stop,-0.300,0.040,-0.00019,0.20,1,0,-0.3398,-0.6796,70451.3333,1,
2026-09-02 10:36:28,TIAUSDC,deep_s,short,0.2000,0.5000,0.6000,0.5000,0.3515,0.3533,stop,-0.500,0.040,0.00001,0.08,1,1,-0.5400,-1.0800,43055.1250,1,
2026-09-02 10:37:12,XRPUSDC,fixed_s,short,0.2000,0.2000,0.5000,0.3000,1.3414,1.3454,stop,-0.300,0.040,-0.00032,0.26,1,1,-0.3397,-0.6794,112193.2333,1,
2026-09-02 10:37:12,XRPUSDC,deep_s,short,0.2000,0.5000,0.6000,0.5000,1.3390,1.3457,stop,-0.500,0.040,-0.00041,0.33,1,1,-0.5396,-1.0792,250857.5179,1,
2026-09-02 10:37:23,FILUSDC,fixed_s,short,0.2000,0.2000,0.5000,0.3000,0.7817,0.7778,tp,0.500,0.000,-0.00004,0.03,1,0,0.5000,1.0001,3935.8000,1,
2026-09-02 10:38:40,ETHFIUSDC,fixed_s,short,0.2000,0.2000,0.5000,0.3000,0.5632,0.5604,tp,0.500,0.000,-0.00002,0.03,1,1,0.5000,1.0000,6593.8333,1,
2026-09-02 10:39:17,UNIUSDC,mom_s,short,0.3000,1.0000,0.8000,0.5000,5.9923,5.9444,tp,0.800,0.000,-0.00004,0.03,1,1,0.8000,1.6001,9551.0000,0,
2026-09-02 10:39:23,FILUSDC,fixed_l,long,0.2000,0.2000,0.5000,0.3000,0.7761,0.7800,tp,0.500,0.000,0.00002,0.02,1,1,0.5000,1.0000,106190.5000,1,
2026-09-02 10:39:35,BOMEUSDC,fixed_l,long,0.2000,0.2000,0.5000,0.3000,0.0009,0.0009,tp,0.500,0.000,0.00007,0.11,1,1,0.4999,0.9999,8097099.6667,1,
2026-09-02 10:39:40,ETHFIUSDC,deep_s,short,0.2000,0.5000,0.6000,0.5000,0.5629,0.5595,tp,0.600,0.000,-0.00003,0.05,1,1,0.6000,1.2001,20000.8000,1,
2026-09-02 10:40:09,ADAUSDC,fixed_s,short,0.2000,0.2000,0.5000,0.3000,0.1966,0.1972,stop,-0.300,0.040,-0.00016,0.25,1,0,-0.3398,-0.6797,121160.6667,1,
2026-09-02 10:40:19,FILUSDC,adapt_s,short,0.5848,0.5848,1.9493,1.2183,0.7733,0.7827,stop,-1.218,0.040,-0.00070,0.56,1,1,-1.2576,-2.5153,50988.0308,1,
2026-09-02 10:40:20,FILUSDC,mom_s,short,0.3000,1.0000,0.8000,0.5000,0.7785,0.7824,stop,-0.500,0.040,-0.00018,0.14,1,1,-0.5398,-1.0796,45256.2826,0,
2026-09-02 10:41:12,TIAUSDC,fixed_s,short,0.2000,0.2000,0.5000,0.3000,0.3531,0.3513,tp,0.500,0.000,0.00001,0.08,1,1,0.5000,1.0000,4764.0000,1,
2026-09-02 10:43:51,UNIUSDC,fixed_l,long,0.2000,0.2000,0.5000,0.3000,5.9211,5.9034,stop,-0.300,0.040,0.00002,0.02,1,1,-0.3400,-0.6800,11987.1429,1,
2026-09-02 10:45:03,FILUSDC,fixed_s,short,0.2000,0.2000,0.5000,0.3000,0.7834,0.7794,tp,0.500,0.000,-0.00010,0.08,1,0,0.5001,1.0002,10251.4000,1,
2026-09-02 10:45:03,FILUSDC,deep_s,short,0.2000,0.5000,0.6000,0.5000,0.7840,0.7793,tp,0.600,0.000,-0.00010,0.08,1,1,0.6001,1.2002,41512.8571,1,
2026-09-02 10:45:18,CRVUSDC,fixed_s,short,0.2000,0.2000,0.5000,0.3000,0.3736,0.3748,stop,-0.300,0.040,-0.00012,0.09,1,1,-0.3399,-0.6798,55067.7941,1,
2026-09-02 10:46:49,UNIUSDC,deep_l,long,0.2000,0.5000,0.6000,0.5000,5.9033,5.9388,tp,0.600,0.000,0.00008,0.06,1,1,0.5999,1.1998,14080.5714,1,
2026-09-02 10:47:11,CRVUSDC,adapt_s,short,0.4755,0.4755,1.5850,0.9906,0.3720,0.3756,stop,-0.991,0.040,-0.00078,0.62,1,1,-1.0299,-2.0597,50579.2000,1,
2026-09-02 10:50:58,ARBUSDC,fixed_s,short,0.2000,0.2000,0.5000,0.3000,0.1115,0.1118,stop,-0.300,0.040,-0.00002,0.02,1,1,-0.3400,-0.6800,80827.1750,1,
2026-09-02 10:51:03,BOMEUSDC,fixed_s,short,0.2000,0.2000,0.5000,0.3000,0.0009,0.0009,stop,-0.300,0.040,-0.00012,0.19,1,1,-0.3399,-0.6798,16920615.1538,1,
2026-09-02 10:51:12,WLFIUSDC,adapt_s,short,0.2000,0.2000,0.6667,0.4167,0.0569,0.0571,stop,-0.417,0.040,-0.00038,0.61,1,1,-0.4563,-0.9126,206589.7826,1,
2026-09-02 10:52:43,FILUSDC,fixed_l,long,0.2000,0.2000,0.5000,0.3000,0.7765,0.7804,tp,0.500,0.000,0.00004,0.03,1,1,0.5000,0.9999,16976.2500,1,
2026-09-02 10:52:51,ARBUSDC,deep_s,short,0.2000,0.5000,0.6000,0.5000,0.1118,0.1111,tp,0.600,0.000,-0.00004,0.03,1,1,0.6000,1.2001,109617.4600,1,
2026-09-02 10:54:47,CRVUSDC,deep_s,short,0.2000,0.5000,0.6000,0.5000,0.3748,0.3766,stop,-0.500,0.040,-0.00020,0.16,1,1,-0.5398,-1.0796,81458.1783,1,
2026-09-02 10:55:42,BIOUSDC,deep_s,short,0.2000,0.5000,0.6000,0.5000,0.0253,0.0254,stop,-0.500,0.040,-0.00050,0.79,1,1,-0.5395,-1.0790,491530.0000,1,
2026-09-02 10:56:17,BNBUSDC,fixed_s,short,0.2000,0.2000,0.5000,0.3000,683.8750,685.5500,timeout,-0.245,0.040,0.00000,0.81,1,1,-0.2849,-0.5698,72.4855,1,
2026-09-02 10:56:37,TRUMPUSDC,adapt_s,short,0.3545,0.3545,1.1816,0.7385,2.2530,2.2400,timeout,0.575,0.040,-0.00051,0.81,1,1,0.5357,1.0713,38331.0614,1,
2026-09-02 10:59:08,UNIUSDC,fixed_s,short,0.2000,0.2000,0.5000,0.3000,5.9629,5.9808,stop,-0.300,0.040,-0.00002,0.02,1,1,-0.3400,-0.6800,6423.3333,1,
2026-09-02 10:59:09,UNIUSDC,mom_s,short,0.3000,1.0000,0.8000,0.5000,5.9641,5.9939,stop,-0.500,0.040,-0.00002,0.02,1,1,-0.5400,-1.0800,15594.9412,0,
2026-09-02 11:00:25,CRVUSDC,fixed_s,short,0.2000,0.2000,0.5000,0.3000,0.3767,0.3748,tp,0.500,0.000,-0.00012,0.09,1,1,0.5001,1.0002,49831.6667,1,
2026-09-02 11:01:08,FILUSDC,fixed_l,long,0.2000,0.2000,0.5000,0.3000,0.7745,0.7784,tp,0.500,0.000,0.00006,0.05,1,0,0.4999,0.9999,10409.9500,1,
2026-09-02 11:01:32,NEOUSDC,adapt_s,short,0.1897,0.1897,0.6324,0.3952,2.0238,2.0318,stop,-0.395,0.040,-0.00080,0.64,1,1,-0.4344,-0.8689,729.1057,1,
2026-09-02 11:01:54,BTCUSDC,adapt_s,short,0.1179,0.1179,0.3929,0.2456,77185.8756,77375.4229,stop,-0.246,0.040,-0.00082,0.67,1,1,-0.2848,-0.5695,2.9945,1,
2026-09-02 11:01:56,SOLUSDC,deep_s,short,0.2000,0.5000,0.6000,0.5000,99.4347,99.9319,stop,-0.500,0.040,0.00033,0.55,1,1,-0.5403,-1.0807,11791.6290,1,
2026-09-02 11:01:58,BNBUSDC,adapt_s,short,0.1400,0.1400,0.4667,0.2917,684.1765,686.1720,stop,-0.292,0.040,0.00000,0.74,1,1,-0.3317,-0.6633,56.3736,1,
2026-09-02 11:02:05,LTCUSDC,fixed_s,short,0.2000,0.2000,0.5000,0.3000,49.2182,49.3659,stop,-0.300,0.040,-0.00069,0.55,1,1,-0.3393,-0.6786,2406.0870,1,
2026-09-02 11:02:08,NEARUSDC,fixed_s,short,0.2000,0.2000,0.5000,0.3000,1.8637,1.8693,stop,-0.300,0.040,-0.00057,0.46,1,1,-0.3394,-0.6789,9360.0000,1,
2026-09-02 11:02:16,HBARUSDC,adapt_s,short,0.1746,0.1746,0.5821,0.3638,0.0733,0.0736,stop,-0.364,0.040,-0.00036,0.76,1,1,-0.4035,-0.8069,174384.8333,1,
2026-09-02 11:02:16,WIFUSDC,fixed_s,short,0.2000,0.2000,0.5000,0.3000,0.1942,0.1948,stop,-0.300,0.040,-0.00027,0.43,1,1,-0.3397,-0.6795,56185.0333,1,
2026-09-02 11:02:31,ETHFIUSDC,fixed_l,long,0.2000,0.2000,0.5000,0.3000,0.5598,0.5626,tp,0.500,0.000,0.00024,0.38,1,0,0.4998,0.9995,2140.4000,1,
2026-09-02 11:03:11,FILUSDC,fixed_s,short,0.2000,0.2000,0.5000,0.3000,0.7819,0.7842,stop,-0.300,0.040,-0.00002,0.02,1,1,-0.3400,-0.6800,8444.9000,1,
2026-09-02 11:03:26,CRVUSDC,fixed_s,short,0.2000,0.2000,0.5000,0.3000,0.3771,0.3782,stop,-0.300,0.040,-0.00000,0.00,1,0,-0.3400,-0.6800,11568.5500,1,
2026-09-02 11:04:16,TRUMPUSDC,fixed_l,long,0.2000,0.2000,0.5000,0.3000,2.2395,2.2507,tp,0.500,0.000,0.00019,0.30,1,1,0.4998,0.9996,17916.8577,1,
2026-09-02 11:04:16,TRUMPUSDC,deep_l,long,0.2000,0.5000,0.6000,0.5000,2.2368,2.2502,tp,0.600,0.000,0.00007,0.11,1,1,0.5999,1.1999,22562.4483,1,
2026-09-02 11:04:17,ARBUSDC,fixed_s,short,0.2000,0.2000,0.5000,0.3000,0.1116,0.1119,stop,-0.300,0.040,-0.00004,0.03,1,1,-0.3400,-0.6799,125397.6500,1,
2026-09-02 11:04:25,CRVUSDC,deep_s,short,0.2000,0.5000,0.6000,0.5000,0.3782,0.3801,stop,-0.500,0.040,-0.00002,0.02,1,0,-0.5400,-1.0800,53172.2000,1,
2026-09-02 11:04:26,ETHFIUSDC,fixed_s,short,0.2000,0.2000,0.5000,0.3000,0.5620,0.5637,stop,-0.300,0.040,-0.00004,0.07,1,1,-0.3400,-0.6799,10070.2273,1,
2026-09-02 11:05:18,BIOUSDC,fixed_s,short,0.2000,0.2000,0.5000,0.3000,0.0255,0.0255,stop,-0.300,0.040,-0.00003,0.05,1,1,-0.3400,-0.6799,169521.0370,1,
2026-09-02 11:05:58,AVAXUSDC,deep_s,short,0.2000,0.5000,0.6000,0.5000,7.1646,7.2005,stop,-0.500,0.040,-0.00002,0.68,1,1,-0.5400,-1.0800,23836.6857,1,
2026-09-02 11:06:00,UNIUSDC,deep_s,short,0.2000,0.5000,0.6000,0.5000,6.0069,5.9708,tp,0.600,0.000,-0.00014,0.11,1,1,0.6001,1.2003,17672.0741,1,
2026-09-02 11:06:06,FILUSDC,fixed_s,short,0.2000,0.2000,0.5000,0.3000,0.7858,0.7881,stop,-0.300,0.040,-0.00000,0.00,1,1,-0.3400,-0.6800,4373.8000,1,
2026-09-02 11:06:07,FILUSDC,deep_s,short,0.2000,0.5000,0.6000,0.5000,0.7842,0.7881,stop,-0.500,0.040,-0.00006,0.05,1,1,-0.5399,-1.0799,29164.7000,1,
2026-09-02 11:06:08,FILUSDC,mom_s,short,0.3000,1.0000,0.8000,0.5000,0.7852,0.7891,stop,-0.500,0.040,-0.00006,0.05,1,1,-0.5399,-1.0799,37071.9941,0,
2026-09-02 11:06:13,TRUMPUSDC,fixed_s,short,0.2000,0.2000,0.5000,0.3000,2.2485,2.2552,stop,-0.300,0.040,-0.00004,0.07,1,1,-0.3400,-0.6799,13246.5100,1,
2026-09-02 11:06:16,ARBUSDC,deep_s,short,0.2000,0.5000,0.6000,0.5000,0.1119,0.1113,tp,0.600,0.000,-0.00004,0.03,1,1,0.6000,1.2001,133499.2500,1,
2026-09-02 11:07:25,CRVUSDC,fixed_s,short,0.2000,0.2000,0.5000,0.3000,0.3800,0.3811,stop,-0.300,0.040,-0.00004,0.03,1,1,-0.3400,-0.6799,15331.6500,1,
2026-09-02 11:08:10,TIAUSDC,fixed_s,short,0.2000,0.2000,0.5000,0.3000,0.3537,0.3548,stop,-0.300,0.040,-0.00003,0.23,1,1,-0.3400,-0.6799,11577.0000,1,
2026-09-02 11:08:17,WLDUSDC,deep_s,short,0.2000,0.5000,0.6000,0.5000,0.3628,0.3646,stop,-0.500,0.040,-0.00068,0.54,1,1,-0.5393,-1.0786,59178.3400,1,
2026-09-02 11:08:25,BOMEUSDC,deep_s,short,0.2000,0.5000,0.6000,0.5000,0.0009,0.0009,tp,0.600,0.000,-0.00018,0.29,1,1,0.6002,1.2004,20364396.8000,1,
2026-09-02 11:08:28,ETHFIUSDC,adapt_s,short,0.3078,0.3078,1.0259,0.6412,0.5622,0.5658,stop,-0.641,0.040,-0.00033,0.53,1,1,-0.6809,-1.3618,15007.9778,1,
2026-09-02 11:09:02,LTCUSDC,adapt_s,short,0.2199,0.2199,0.7330,0.4581,49.2280,49.4535,stop,-0.458,0.040,-0.00084,0.67,1,1,-0.4973,-0.9946,2548.0576,1,
2026-09-02 11:09:09,TIAUSDC,adapt_s,short,0.4533,0.4533,1.5109,0.9443,0.3529,0.3562,stop,-0.944,0.040,-0.00007,0.56,1,1,-0.9842,-1.9685,52219.1250,1,
2026-09-02 11:09:09,TIAUSDC,deep_s,short,0.2000,0.5000,0.6000,0.5000,0.3548,0.3565,stop,-0.500,0.040,-0.00000,0.02,1,1,-0.5400,-1.0800,36047.5294,1,
2026-09-02 11:09:10,FILUSDC,fixed_s,short,0.2000,0.2000,0.5000,0.3000,0.7899,0.7859,tp,0.500,0.000,-0.00002,0.02,1,1,0.5000,1.0000,29064.6000,1,
2026-09-02 11:09:12,HBARUSDC,deep_s,short,0.2000,0.5000,0.6000,0.5000,0.0736,0.0739,stop,-0.500,0.040,-0.00035,0.65,1,1,-0.5397,-1.0793,504729.0741,1,
2026-09-02 11:09:53,DOGEUSDC,deep_s,short,0.2000,0.5000,0.6000,0.5000,0.0810,0.0812,timeout,-0.181,0.040,-0.00101,0.80,1,1,-0.2202,-0.4404,2968930.0370,1,
2026-09-02 11:09:56,LINKUSDC,deep_s,short,0.2000,0.5000,0.6000,0.5000,11.1515,11.2072,stop,-0.500,0.040,-0.00093,0.74,1,1,-0.5391,-1.0781,5978.0524,1,
2026-09-02 11:11:07,WIFUSDC,fixed_s,short,0.2000,0.2000,0.5000,0.3000,0.1951,0.1957,stop,-0.300,0.040,-0.00006,0.10,1,0,-0.3399,-0.6799,6365.6000,1,
2026-09-02 11:11:07,WIFUSDC,adapt_s,short,0.3071,0.3071,1.0236,0.6398,0.1944,0.1956,stop,-0.640,0.040,-0.00034,0.55,1,1,-0.6794,-1.3588,61389.8182,1,
2026-09-02 11:11:22,ETHFIUSDC,deep_s,short,0.2000,0.5000,0.6000,0.5000,0.5637,0.5665,stop,-0.500,0.040,-0.00007,0.12,1,1,-0.5399,-1.0799,16758.3500,1,
2026-09-02 11:11:48,ETHUSDC,deep_s,short,0.2000,0.5000,0.6000,0.5000,2406.6735,2418.7069,stop,-0.500,0.040,-0.00082,0.76,1,1,-0.5392,-1.0784,45.8930,1,
2026-09-02 11:12:02,NEARUSDC,deep_s,short,0.2000,0.5000,0.6000,0.5000,1.8703,1.8797,stop,-0.500,0.040,-0.00021,0.16,1,1,-0.5398,-1.0796,51356.1081,1,
2026-09-02 11:12:04,SUIUSDC,deep_s,short,0.2000,0.5000,0.6000,0.5000,0.7217,0.7253,stop,-0.500,0.040,-0.00062,0.59,1,1,-0.5394,-1.0788,159210.7313,1,
2026-09-02 11:12:10,WIFUSDC,deep_s,short,0.2000,0.5000,0.6000,0.5000,0.1948,0.1957,stop,-0.500,0.040,-0.00010,0.16,1,1,-0.5399,-1.0798,75665.1861,1,
2026-09-02 11:12:11,WIFUSDC,mom15_s,short,0.5000,2.5000,2.0000,0.8000,0.1955,0.1970,stop,-0.800,0.040,-0.00001,0.02,1,1,-0.8400,-1.6800,213068.3779,0,
2026-09-02 11:12:13,WLDUSDC,fixed_s,short,0.2000,0.2000,0.5000,0.3000,0.3645,0.3656,stop,-0.300,0.040,-0.00008,0.07,1,1,-0.3399,-0.6798,77405.2121,1,
2026-09-02 11:12:15,TRUMPUSDC,adapt_l,long,0.3556,0.3556,1.1854,0.7409,2.2360,2.2625,tp,1.185,0.000,0.00015,0.24,1,1,1.1853,2.3706,22208.2411,1,
2026-09-02 11:12:18,BIOUSDC,adapt_s,short,0.2478,0.2478,0.8261,0.5163,0.0255,0.0256,stop,-0.516,0.040,-0.00010,0.16,1,1,-0.5562,-1.1124,303054.3902,1,
2026-09-02 11:13:09,WIFUSDC,fixed_s,short,0.2000,0.2000,0.5000,0.3000,0.1978,0.1984,stop,-0.300,0.040,-0.00000,0.00,1,0,-0.3400,-0.6800,19679.7000,1,
2026-09-02 11:13:28,KAITOUSDC,deep_s,short,0.2000,0.5000,0.6000,0.5000,0.3004,0.3011,timeout,-0.235,0.040,-0.00029,0.81,1,1,-0.2746,-0.5491,83010.1343,1,
2026-09-02 11:16:10,FILUSDC,fixed_l,long,0.2000,0.2000,0.5000,0.3000,0.7859,0.7836,stop,-0.300,0.040,0.00002,0.02,1,0,-0.3400,-0.6800,0.0000,1,
2026-09-02 11:16:14,WIFUSDC,adapt_s,short,0.3464,0.3464,1.1546,0.7216,0.1981,0.1995,stop,-0.722,0.040,-0.00003,0.05,1,0,-0.7616,-1.5232,37085.0000,1,
2026-09-02 11:16:20,ARBUSDC,fixed_s,short,0.2000,0.2000,0.5000,0.3000,0.1118,0.1121,stop,-0.300,0.040,-0.00004,0.03,1,1,-0.3400,-0.6799,177269.0000,1,
2026-09-02 11:16:21,ARBUSDC,deep_s,short,0.2000,0.5000,0.6000,0.5000,0.1121,0.1127,stop,-0.500,0.040,-0.00000,0.00,1,1,-0.5400,-1.0800,128217.5000,1,
2026-09-02 11:17:14,WIFUSDC,fixed_s,short,0.2000,0.2000,0.5000,0.3000,0.1996,0.1986,tp,0.500,0.000,-0.00001,0.02,1,1,0.5000,1.0000,33833.4667,1,
2026-09-02 11:17:53,BTCUSDC,deep_s,short,0.2000,0.5000,0.6000,0.5000,77284.6005,77513.8000,timeout,-0.297,0.040,-0.00100,0.80,1,1,-0.3356,-0.6711,3.3581,1,
2026-09-02 11:18:31,CRVUSDC,fixed_s,short,0.2000,0.2000,0.5000,0.3000,0.3820,0.3831,stop,-0.300,0.040,-0.00006,0.05,1,1,-0.3399,-0.6799,26571.0000,1,
2026-09-02 11:18:31,CRVUSDC,adapt_s,short,0.4645,0.4645,1.5484,0.9677,0.3800,0.3836,stop,-0.968,0.040,-0.00029,0.23,1,1,-1.0074,-2.0149,72299.3500,1,
2026-09-02 11:18:33,ETHFIUSDC,fixed_s,short,0.2000,0.2000,0.5000,0.3000,0.5669,0.5686,stop,-0.300,0.040,-0.00007,0.12,1,1,-0.3399,-0.6799,7393.2000,1,
2026-09-02 11:18:34,ETHFIUSDC,mom_s,short,0.3000,1.0000,0.8000,0.5000,0.5654,0.5682,stop,-0.500,0.040,-0.00010,0.17,1,1,-0.5399,-1.0798,17892.0656,0,
2026-09-02 11:19:13,UNIUSDC,deep_l,long,0.2000,0.5000,0.6000,0.5000,5.9620,5.9978,tp,0.600,0.000,0.00013,0.10,1,1,0.5999,1.1997,10096.0769,1,
2026-09-02 11:19:27,TRUMPUSDC,fixed_s,short,0.2000,0.2000,0.5000,0.3000,2.2595,2.2663,stop,-0.300,0.040,-0.00007,0.12,1,1,-0.3399,-0.6799,3439.4700,1,
2026-09-02 11:19:27,TRUMPUSDC,deep_s,short,0.2000,0.5000,0.6000,0.5000,2.2552,2.2665,stop,-0.500,0.040,-0.00014,0.22,1,1,-0.5399,-1.0797,23856.7933,1,
2026-09-02 11:19:29,ARBUSDC,fixed_s,short,0.2000,0.2000,0.5000,0.3000,0.1124,0.1128,stop,-0.300,0.040,-0.00002,0.02,1,1,-0.3400,-0.6800,91106.4000,1,
2026-09-02 11:19:31,ARBUSDC,mom15_s,short,0.5000,2.5000,2.0000,0.8000,0.1122,0.1131,stop,-0.800,0.040,-0.00095,0.76,1,1,-0.8391,-1.6781,161364.1625,0,
2026-09-02 11:19:35,BOMEUSDC,adapt_s,short,0.2884,0.2884,0.9613,0.6008,0.0009,0.0009,stop,-0.601,0.040,-0.00042,0.66,1,1,-0.6404,-1.2808,16644029.6429,1,
2026-09-02 11:19:36,BOMEUSDC,mom_s,short,0.3000,1.0000,0.8000,0.5000,0.0009,0.0009,stop,-0.500,0.040,-0.00030,0.47,1,1,-0.5397,-1.0794,19946491.2000,0,
2026-09-02 11:22:30,TRUMPUSDC,adapt_s,short,0.3388,0.3388,1.1292,0.7058,2.2546,2.2705,stop,-0.706,0.040,-0.00018,0.29,1,1,-0.7456,-1.4911,14911.9700,1,
2026-09-02 11:24:37,TRUMPUSDC,mom_s,short,0.3000,1.0000,0.8000,0.5000,2.2664,2.2778,stop,-0.500,0.040,-0.00005,0.09,1,1,-0.5399,-1.0799,59055.8393,0,
2026-09-02 11:24:39,ARBUSDC,deep_s,short,0.2000,0.5000,0.6000,0.5000,0.1128,0.1121,tp,0.600,0.000,-0.00011,0.09,1,1,0.6001,1.2002,133261.7667,1,
2026-09-02 11:24:50,WLFIUSDC,deep_s,short,0.2000,0.5000,0.6000,0.5000,0.0571,0.0572,timeout,-0.221,0.040,-0.00051,0.81,1,1,-0.2606,-0.5212,375854.5319,1,
2026-09-02 11:25:37,TRUMPUSDC,fixed_s,short,0.2000,0.2000,0.5000,0.3000,2.2745,2.2814,stop,-0.300,0.040,-0.00002,0.04,1,0,-0.3400,-0.6800,5204.6400,1,
2026-09-02 11:25:45,CRVUSDC,fixed_s,short,0.2000,0.2000,0.5000,0.3000,0.3840,0.3851,stop,-0.300,0.040,-0.00002,0.02,1,1,-0.3400,-0.6800,16928.4333,1,
2026-09-02 11:25:46,CRVUSDC,deep_s,short,0.2000,0.5000,0.6000,0.5000,0.3831,0.3850,stop,-0.500,0.040,-0.00015,0.12,1,1,-0.5398,-1.0797,62942.0833,1,
2026-09-02 11:25:46,CRVUSDC,mom_s,short,0.3000,1.0000,0.8000,0.5000,0.3827,0.3846,stop,-0.500,0.040,-0.00021,0.17,1,1,-0.5398,-1.0796,67069.4455,0,
2026-09-02 11:26:12,BTCUSDC,adapt_s,short,0.1180,0.1180,0.3933,0.2458,77457.4890,77647.8989,stop,-0.246,0.040,-0.00030,0.24,1,1,-0.2855,-0.5710,2.8386,1,
2026-09-02 11:26:15,DOGEUSDC,adapt_s,short,0.1664,0.1664,0.5547,0.3467,0.0814,0.0816,stop,-0.347,0.040,-0.00030,0.24,1,1,-0.3864,-0.7728,2038905.9091,1,
2026-09-02 11:26:16,BNBUSDC,adapt_s,short,0.1371,0.1371,0.4571,0.2857,687.3814,689.3453,stop,-0.286,0.040,0.00000,0.32,1,1,-0.3257,-0.6514,59.6300,1,
2026-09-02 11:26:17,BNBUSDC,deep_s,short,0.2000,0.5000,0.6000,0.5000,685.9225,689.3522,stop,-0.500,0.040,0.00000,0.40,1,1,-0.5400,-1.0800,55.5537,1,
2026-09-02 11:26:17,XRPUSDC,fixed_s,short,0.2000,0.2000,0.5000,0.3000,1.3503,1.3543,stop,-0.300,0.040,-0.00032,0.26,1,1,-0.3397,-0.6794,222182.6300,1,
2026-09-02 11:26:19,LINKUSDC,fixed_s,short,0.2000,0.2000,0.5000,0.3000,11.2194,11.2531,stop,-0.300,0.040,-0.00032,0.26,1,1,-0.3397,-0.6794,5447.9357,1,
2026-09-02 11:26:19,LINKUSDC,adapt_s,short,0.2017,0.2017,0.6722,0.4201,11.2196,11.2667,stop,-0.420,0.040,-0.00032,0.26,1,1,-0.4598,-0.9196,5447.9357,1,
2026-09-02 11:26:20,ADAUSDC,fixed_s,short,0.2000,0.2000,0.5000,0.3000,0.1981,0.1987,stop,-0.300,0.040,-0.00015,0.24,1,1,-0.3398,-0.6797,707309.3091,1,
2026-09-02 11:26:20,ADAUSDC,deep_s,short,0.2000,0.5000,0.6000,0.5000,0.1974,0.1984,stop,-0.500,0.040,-0.00025,0.40,1,1,-0.5397,-1.0795,586588.6140,1,
2026-09-02 11:26:22,AVAXUSDC,fixed_s,short,0.2000,0.2000,0.5000,0.3000,7.2084,7.2300,stop,-0.300,0.040,-0.00003,0.24,1,1,-0.3400,-0.6799,5018.2133,1,
2026-09-02 11:26:22,AVAXUSDC,adapt_s,short,0.1720,0.1720,0.5733,0.3583,7.2064,7.2322,stop,-0.358,0.040,-0.00004,0.34,1,1,-0.3983,-0.7965,4184.5567,1,
2026-09-02 11:26:28,SUIUSDC,fixed_s,short,0.2000,0.2000,0.5000,0.3000,0.7241,0.7263,stop,-0.300,0.040,-0.00028,0.26,1,1,-0.3397,-0.6794,313296.3222,1,
2026-09-02 11:26:29,SUIUSDC,adapt_s,short,0.3025,0.3025,1.0083,0.6302,0.7230,0.7260,timeout,-0.418,0.040,-0.00089,0.80,1,1,-0.4568,-0.9136,321777.6125,1,
2026-09-02 11:26:38,WLDUSDC,fixed_s,short,0.2000,0.2000,0.5000,0.3000,0.3663,0.3674,stop,-0.300,0.040,-0.00002,0.02,1,1,-0.3400,-0.6800,28982.1846,1,
2026-09-02 11:26:38,WLDUSDC,adapt_s,short,0.3028,0.3028,1.0094,0.6309,0.3648,0.3671,stop,-0.631,0.040,-0.00036,0.29,1,1,-0.6705,-1.3411,32359.5429,1,
2026-09-02 11:26:41,TRUMPUSDC,deep_s,short,0.2000,0.5000,0.6000,0.5000,2.2813,2.2928,stop,-0.500,0.040,-0.00001,0.02,1,1,-0.5400,-1.0800,11809.1650,1,
2026-09-02 11:26:44,BIOUSDC,mom_s,short,0.3000,1.0000,0.8000,0.5000,0.0256,0.0257,stop,-0.500,0.040,-0.00016,0.26,1,1,-0.5398,-1.0797,726808.6304,0,
2026-09-02 11:26:49,ETHFIUSDC,fixed_s,short,0.2000,0.2000,0.5000,0.3000,0.5690,0.5707,stop,-0.300,0.040,-0.00002,0.03,1,1,-0.3400,-0.6800,5090.9333,1,
2026-09-02 11:26:52,NEOUSDC,adapt_s,short,0.1860,0.1860,0.6201,0.3875,2.0358,2.0437,stop,-0.388,0.040,-0.00032,0.26,1,1,-0.4272,-0.8544,617.2663,1,
2026-09-02 11:27:19,XRPUSDC,adapt_s,short,0.1956,0.1956,0.6519,0.4075,1.3502,1.3557,stop,-0.407,0.040,-0.00034,0.27,1,1,-0.4471,-0.8942,221139.1400,1,
2026-09-02 11:27:37,WIFUSDC,fixed_s,short,0.2000,0.2000,0.5000,0.3000,0.1993,0.1999,stop,-0.300,0.040,-0.00005,0.09,1,0,-0.3399,-0.6799,10763.4000,1,
2026-09-02 11:27:39,ORDIUSDC,fixed_s,short,0.2000,0.2000,0.5000,0.3000,3.9278,3.9396,stop,-0.300,0.040,-0.00026,0.42,1,1,-0.3397,-0.6795,2775.0636,1,
2026-09-02 11:28:42,ORDIUSDC,deep_s,short,0.2000,0.5000,0.6000,0.5000,3.9255,3.9452,stop,-0.500,0.040,-0.00029,0.46,1,1,-0.5397,-1.0794,6575.5765,1,
2026-09-02 11:29:36,UNIUSDC,fixed_s,short,0.2000,0.2000,0.5000,0.3000,5.9839,6.0019,stop,-0.300,0.040,-0.00007,0.05,1,0,-0.3399,-0.6799,3425.5000,1,
2026-09-02 11:29:54,ARBUSDC,fixed_s,short,0.2000,0.2000,0.5000,0.3000,0.1127,0.1130,stop,-0.300,0.040,-0.00004,0.04,1,1,-0.3400,-0.6799,86017.9000,1,
2026-09-02 11:30:57,ARBUSDC,deep_s,short,0.2000,0.5000,0.6000,0.5000,0.1130,0.1123,tp,0.600,0.000,-0.00005,0.04,1,1,0.6000,1.2001,96520.1333,1,
2026-09-02 11:31:02,BOMEUSDC,deep_s,short,0.2000,0.5000,0.6000,0.5000,0.0009,0.0009,tp,0.600,0.000,-0.00012,0.19,1,1,0.6001,1.2002,26787170.2222,1,
2026-09-02 11:32:03,BOMEUSDC,fixed_s,short,0.2000,0.2000,0.5000,0.3000,0.0009,0.0009,tp,0.500,0.000,-0.00013,0.21,1,1,0.5001,1.0003,23285471.3448,1,
2026-09-02 11:35:09,FILUSDC,fixed_s,short,0.2000,0.2000,0.5000,0.3000,0.7919,0.7879,tp,0.500,0.000,-0.00005,0.04,1,1,0.5000,1.0001,42774.3000,1,
2026-09-02 11:35:10,FILUSDC,deep_s,short,0.2000,0.5000,0.6000,0.5000,0.7922,0.7875,tp,0.600,0.000,-0.00005,0.04,1,1,0.6000,1.2001,41432.9962,1,
2026-09-02 11:35:27,CRVUSDC,fixed_s,short,0.2000,0.2000,0.5000,0.3000,0.3869,0.3880,stop,-0.300,0.040,-0.00005,0.04,1,1,-0.3400,-0.6799,22771.5333,1,
2026-09-02 11:36:16,FILUSDC,mom_s,short,0.3000,1.0000,0.8000,0.5000,0.7931,0.7867,tp,0.800,0.000,-0.00007,0.06,1,1,0.8001,1.6001,44266.4176,0,
2026-09-02 11:36:35,ETHFIUSDC,deep_s,short,0.2000,0.5000,0.6000,0.5000,0.5695,0.5661,tp,0.600,0.000,-0.00011,0.18,1,1,0.6001,1.2002,13434.9714,1,
2026-09-02 11:37:47,CRVUSDC,deep_s,short,0.2000,0.5000,0.6000,0.5000,0.3880,0.3900,stop,-0.500,0.040,-0.00005,0.04,1,1,-0.5400,-1.0799,32946.5400,1,
2026-09-02 11:37:52,NEOUSDC,fixed_s,short,0.2000,0.2000,0.5000,0.3000,2.0421,2.0319,tp,0.500,0.000,-0.00023,0.18,1,1,0.5002,1.0005,1131.5191,1,
2026-09-02 11:39:08,CRVUSDC,fixed_s,short,0.2000,0.2000,0.5000,0.3000,0.3910,0.3922,stop,-0.300,0.040,-0.00000,0.00,1,0,-0.3400,-0.6800,10299.7500,1,
2026-09-02 11:39:53,UNIUSDC,fixed_s,short,0.2000,0.2000,0.5000,0.3000,6.0090,5.9789,tp,0.500,0.000,-0.00003,0.02,1,1,0.5000,1.0001,9051.0000,1,
2026-09-02 11:40:28,BOMEUSDC,fixed_l,long,0.2000,0.2000,0.5000,0.3000,0.0009,0.0009,tp,0.500,0.000,0.00004,0.06,1,1,0.5000,0.9999,23877581.1667,1,
2026-09-02 11:40:34,ETHFIUSDC,fixed_l,long,0.2000,0.2000,0.5000,0.3000,0.5676,0.5704,tp,0.500,0.000,0.00005,0.08,1,0,0.4999,0.9999,65.1000,1,
2026-09-02 11:41:45,TRUMPUSDC,fixed_s,short,0.2000,0.2000,0.5000,0.3000,2.2976,2.3045,stop,-0.300,0.040,-0.00001,0.02,1,1,-0.3400,-0.6800,30993.6292,1,
2026-09-02 11:41:46,TRUMPUSDC,adapt_s,short,0.3576,0.3576,1.1920,0.7450,2.2841,2.3012,stop,-0.745,0.040,-0.00017,0.26,1,1,-0.7848,-1.5697,12246.5733,1,
2026-09-02 11:44:01,NEARUSDC,fixed_s,short,0.2000,0.2000,0.5000,0.3000,1.8818,1.8723,tp,0.500,0.000,-0.00036,0.29,1,1,0.5004,1.0007,15987.6923,1,
2026-09-02 11:46:38,TIAUSDC,mom_s,short,0.3000,1.0000,0.8000,0.5000,0.3552,0.3570,stop,-0.500,0.040,-0.00021,0.64,1,1,-0.5398,-1.0796,73501.9375,0,
2026-09-02 11:47:49,WIFUSDC,deep_s,short,0.2000,0.5000,0.6000,0.5000,0.1999,0.1987,tp,0.600,0.000,-0.00025,0.41,1,1,0.6003,1.2005,76740.4636,1,
2026-09-02 11:47:56,TRUMPUSDC,deep_s,short,0.2000,0.5000,0.6000,0.5000,2.2984,2.3099,stop,-0.500,0.040,-0.00008,0.13,1,1,-0.5399,-1.0798,32666.6550,1,
2026-09-02 11:47:57,ARBUSDC,fixed_s,short,0.2000,0.2000,0.5000,0.3000,0.1128,0.1123,tp,0.500,0.000,-0.00016,0.13,1,1,0.5002,1.0003,103018.2250,1,
2026-09-02 11:48:53,FILUSDC,fixed_s,short,0.2000,0.2000,0.5000,0.3000,0.7950,0.7974,stop,-0.300,0.040,-0.00002,0.02,1,1,-0.3400,-0.6800,46262.5800,1,
2026-09-02 11:50:22,ETHFIUSDC,fixed_s,short,0.2000,0.2000,0.5000,0.3000,0.5717,0.5689,tp,0.500,0.000,-0.00010,0.17,1,1,0.5001,1.0002,15146.2833,1,
2026-09-02 11:50:22,ETHFIUSDC,deep_s,short,0.2000,0.5000,0.6000,0.5000,0.5710,0.5676,tp,0.600,0.000,-0.00010,0.17,1,1,0.6001,1.2002,17855.9333,1,
2026-09-02 11:51:00,LTCUSDC,deep_s,short,0.2000,0.5000,0.6000,0.5000,49.3656,49.1500,timeout,0.437,0.040,-0.00102,0.82,1,1,0.3978,0.7955,3059.7135,1,
2026-09-02 11:51:14,WIFUSDC,adapt_s,short,0.3996,0.3996,1.3320,0.8325,0.2001,0.1974,tp,1.332,0.000,-0.00025,0.39,1,1,1.3323,2.6645,34231.0500,1,
2026-09-02 11:51:20,WLDUSDC,deep_s,short,0.2000,0.5000,0.6000,0.5000,0.3672,0.3650,tp,0.600,0.000,-0.00051,0.41,1,1,0.6005,1.2010,79762.2400,1,
2026-09-02 11:51:28,BOMEUSDC,fixed_s,short,0.2000,0.2000,0.5000,0.3000,0.0009,0.0009,tp,0.500,0.000,-0.00012,0.19,1,1,0.5001,1.0002,11359980.0000,1,
2026-09-02 11:52:15,LTCUSDC,fixed_l,long,0.2000,0.2000,0.5000,0.3000,49.2513,49.1035,stop,-0.300,0.040,0.00031,0.25,1,1,-0.3403,-0.6806,1556.8784,1,
2026-09-02 11:52:25,FILUSDC,fixed_s,short,0.2000,0.2000,0.5000,0.3000,0.7961,0.7985,stop,-0.300,0.040,-0.00003,0.02,1,1,-0.3400,-0.6799,47889.8500,1,
2026-09-02 11:52:25,FILUSDC,adapt_s,short,0.6173,0.6173,2.0575,1.2860,0.7897,0.7999,stop,-1.286,0.040,-0.00096,0.77,1,1,-1.3250,-2.6500,42867.6500,1,
2026-09-02 11:52:26,FILUSDC,deep_s,short,0.2000,0.5000,0.6000,0.5000,0.7974,0.8014,stop,-0.500,0.040,-0.00010,0.08,1,1,-0.5399,-1.0798,56776.2200,1,
2026-09-02 11:55:38,ADAUSDC,mom30_s,short,0.7000,3.0000,3.0000,1.0000,0.0000,0.1995,expired,0.000,0.000,0.00000,2.00,0,0,0.0000,0.0000,0.0000,0,
2026-09-02 11:55:40,AVAXUSDC,mom30_s,short,0.7000,3.0000,3.0000,1.0000,0.0000,7.3233,expired,0.000,0.000,0.00000,2.00,0,0,0.0000,0.0000,0.0000,0,
2026-09-02 11:55:44,UNIUSDC,mom15_l,long,0.5000,2.5000,2.0000,0.8000,0.0000,5.6852,expired,0.000,0.000,0.00000,2.00,0,0,0.0000,0.0000,0.0000,0,
2026-09-02 11:55:49,SUIUSDC,mom30_s,short,0.7000,3.0000,3.0000,1.0000,0.0000,0.7307,expired,0.000,0.000,0.00000,2.00,0,0,0.0000,0.0000,0.0000,0,
2026-09-02 11:56:07,BIOUSDC,mom15_s,short,0.5000,2.5000,2.0000,0.8000,0.0000,0.0258,expired,0.000,0.000,0.00000,2.00,0,0,0.0000,0.0000,0.0000,0,
2026-09-02 11:56:07,BIOUSDC,mom30_s,short,0.7000,3.0000,3.0000,1.0000,0.0000,0.0259,expired,0.000,0.000,0.00000,2.00,0,0,0.0000,0.0000,0.0000,0,
2026-09-02 11:56:17,NEOUSDC,mom30_s,short,0.7000,3.0000,3.0000,1.0000,0.0000,2.0631,expired,0.000,0.000,0.00000,2.00,0,0,0.0000,0.0000,0.0000,0,
2026-09-02 11:57:00,FILUSDC,fixed_s,short,0.2000,0.2000,0.5000,0.3000,0.8010,0.8034,stop,-0.300,0.040,-0.00002,0.02,1,1,-0.3400,-0.6800,152180.6000,1,
2026-09-02 11:58:05,UNIUSDC,fixed_s,short,0.2000,0.2000,0.5000,0.3000,5.9960,6.0140,stop,-0.300,0.040,-0.00000,0.00,1,1,-0.3400,-0.6800,3561.7000,1,
2026-09-02 11:58:06,UNIUSDC,deep_s,short,0.2000,0.5000,0.6000,0.5000,6.0019,6.0319,stop,-0.500,0.040,-0.00059,0.47,1,1,-0.5394,-1.0788,9676.0000,1,
2026-09-02 11:58:14,FILUSDC,deep_s,short,0.2000,0.5000,0.6000,0.5000,0.8034,0.7986,tp,0.600,0.000,-0.00005,0.04,1,1,0.6000,1.2001,154013.0333,1,
2026-09-02 11:58:23,TRUMPUSDC,fixed_s,short,0.2000,0.2000,0.5000,0.3000,2.3056,2.2941,tp,0.500,0.000,-0.00011,0.17,1,1,0.5001,1.0002,10617.6133,1,
2026-09-02 11:58:40,WLFIUSDC,adapt_s,short,0.1816,0.1816,0.6055,0.3784,0.0573,0.0571,timeout,0.251,0.040,-0.00051,0.82,1,1,0.2117,0.4233,149812.1111,1,
2026-09-02 11:59:47,WLFIUSDC,fixed_s,short,0.2000,0.2000,0.5000,0.3000,0.0573,0.0572,timeout,0.200,0.040,-0.00050,0.80,1,1,0.1601,0.3202,132374.0000,1,
2026-09-02 12:00:10,ETHUSDC,adapt_s,short,0.1500,0.1500,0.5001,0.3126,2417.8622,2411.7400,timeout,0.253,0.040,-0.00101,0.81,1,1,0.2142,0.4284,20.1180,1,
2026-09-02 12:00:11,SOLUSDC,adapt_s,short,0.1742,0.1742,0.5806,0.3629,100.3044,100.1300,timeout,0.174,0.040,0.00052,0.81,1,1,0.1334,0.2667,4843.3550,1,
2026-09-02 12:00:49,CRVUSDC,adapt_s,short,0.4947,0.4947,1.6490,1.0306,0.3893,0.3829,tp,1.649,0.000,-0.00048,0.39,1,1,1.6495,3.2989,47229.1000,1,
2026-09-02 12:01:19,SOLUSDC,fixed_s,short,0.2000,0.2000,0.5000,0.3000,100.3303,100.1200,timeout,0.210,0.040,0.00052,0.81,1,1,0.1690,0.3381,4413.2000,1,
2026-09-02 12:01:52,ARBUSDC,fixed_s,short,0.2000,0.2000,0.5000,0.3000,0.1129,0.1133,stop,-0.300,0.040,-0.00002,0.02,1,1,-0.3400,-0.6800,95733.4667,1,
2026-09-02 12:02:39,UNIUSDC,fixed_s,short,0.2000,0.2000,0.5000,0.3000,6.0501,6.0682,stop,-0.300,0.040,-0.00002,0.02,1,1,-0.3400,-0.6800,2578.3333,1,
2026-09-02 12:02:39,UNIUSDC,adapt_s,short,0.5347,0.5347,1.7823,1.1139,6.0572,6.1247,stop,-1.114,0.040,-0.00005,0.04,1,1,-1.1539,-2.3078,21964.2982,1,
2026-09-02 12:02:40,UNIUSDC,mom_s,short,0.3000,1.0000,0.8000,0.5000,6.0519,6.0822,stop,-0.500,0.040,-0.00007,0.06,1,1,-0.5399,-1.0799,22035.0741,0,
2026-09-02 12:02:41,UNIUSDC,mom15_s,short,0.5000,2.5000,2.0000,0.8000,6.0475,6.0959,stop,-0.800,0.040,-0.00132,1.06,1,1,-0.8387,-1.6774,19480.7059,0,
2026-09-02 12:03:02,ARBUSDC,deep_s,short,0.2000,0.5000,0.6000,0.5000,0.1132,0.1137,stop,-0.500,0.040,-0.00002,0.02,1,1,-0.5400,-1.0800,147243.2636,1,
2026-09-02 12:03:03,ARBUSDC,mom_s,short,0.3000,1.0000,0.8000,0.5000,0.1133,0.1139,stop,-0.500,0.040,-0.00002,0.02,1,1,-0.5400,-1.0800,148697.8277,0,
2026-09-02 12:03:55,UNIUSDC,deep_s,short,0.2000,0.5000,0.6000,0.5000,6.0682,6.0985,stop,-0.500,0.040,-0.00003,0.02,1,1,-0.5400,-1.0799,8374.7500,1,
2026-09-02 12:03:55,UNIUSDC,mom30_s,short,0.7000,3.0000,3.0000,1.0000,6.0770,6.1378,stop,-1.000,0.040,-0.00003,0.02,1,1,-1.0400,-2.0799,21179.4800,0,
2026-09-02 12:04:00,TIAUSDC,fixed_s,short,0.2000,0.2000,0.5000,0.3000,0.3569,0.3580,stop,-0.300,0.040,-0.00012,0.29,1,1,-0.3399,-0.6798,44497.6000,1,
2026-09-02 12:04:15,ARBUSDC,adapt_s,short,0.5253,0.5253,1.7511,1.0944,0.1128,0.1140,stop,-1.094,0.040,-0.00093,0.74,1,1,-1.1335,-2.2670,149089.1208,1,
2026-09-02 12:04:17,BIOUSDC,deep_s,short,0.2000,0.5000,0.6000,0.5000,0.0256,0.0256,timeout,-0.010,0.040,-0.00051,0.81,1,1,-0.0494,-0.0989,261482.9286,1,
2026-09-02 12:06:17,FILUSDC,fixed_s,short,0.2000,0.2000,0.5000,0.3000,0.8032,0.7992,tp,0.500,0.000,-0.00002,0.02,1,1,0.5000,1.0000,70266.4333,1,
2026-09-02 12:06:30,ARBUSDC,fixed_s,short,0.2000,0.2000,0.5000,0.3000,0.1140,0.1144,stop,-0.300,0.040,-0.00005,0.04,1,1,-0.3400,-0.6799,44373.2500,1,
2026-09-02 12:07:13,ADAUSDC,adapt_s,short,0.2457,0.2457,0.8191,0.5119,0.1982,0.1967,timeout,0.750,0.040,-0.00050,0.80,1,1,0.7102,1.4204,665540.0889,1,
2026-09-02 12:07:41,BOMEUSDC,fixed_l,long,0.2000,0.2000,0.5000,0.3000,0.0009,0.0009,stop,-0.300,0.040,0.00018,0.29,1,1,-0.3402,-0.6804,12700537.1429,1,
2026-09-02 12:08:21,ADAUSDC,adapt_l,long,0.2367,0.2367,0.7889,0.4930,0.1976,0.1967,stop,-0.493,0.040,0.00031,0.50,1,1,-0.5334,-1.0667,282811.5857,1,
2026-09-02 12:08:27,NEARUSDC,fixed_l,long,0.2000,0.2000,0.5000,0.3000,1.8742,1.8686,stop,-0.300,0.040,0.00067,0.54,1,1,-0.3407,-0.6813,4730.3333,1,
2026-09-02 12:08:35,HBARUSDC,fixed_s,short,0.2000,0.2000,0.5000,0.3000,0.0740,0.0738,timeout,0.335,0.040,-0.00050,0.80,1,1,0.2952,0.5904,356832.9167,1,
2026-09-02 12:08:36,HBARUSDC,adapt_s,short,0.1727,0.1727,0.5757,0.3598,0.0740,0.0738,timeout,0.308,0.040,-0.00050,0.80,1,1,0.2680,0.5361,295444.0000,1,
2026-09-02 12:09:32,XRPUSDC,deep_s,short,0.2000,0.5000,0.6000,0.5000,1.3543,1.3462,tp,0.600,0.000,-0.00090,0.72,1,1,0.6009,1.2018,231960.3880,1,
2026-09-02 12:09:39,UNIUSDC,fixed_s,short,0.2000,0.2000,0.5000,0.3000,6.1543,6.1727,stop,-0.300,0.040,-0.00003,0.02,1,1,-0.3400,-0.6799,5239.4000,1,
2026-09-02 12:10:36,ETHUSDC,fixed_s,short,0.2000,0.2000,0.5000,0.3000,2420.8721,2408.7677,tp,0.500,0.000,-0.00092,0.74,1,1,0.5009,1.0018,51.8347,1,
2026-09-02 12:11:48,LINKUSDC,adapt_l,long,0.1901,0.1901,0.6337,0.3960,11.2027,11.1583,stop,-0.396,0.040,0.00041,0.33,1,1,-0.4364,-0.8729,3556.5711,1,
2026-09-02 12:12:16,BIOUSDC,mom15_l,long,0.5000,2.5000,2.0000,0.8000,0.0000,0.0246,expired,0.000,0.000,0.00000,2.01,0,0,0.0000,0.0000,0.0000,0,
2026-09-02 12:12:18,BOMEUSDC,mom15_l,long,0.5000,2.5000,2.0000,0.8000,0.0000,0.0008,expired,0.000,0.000,0.00000,2.01,0,0,0.0000,0.0000,0.0000,0,
2026-09-02 12:12:20,CRVUSDC,adapt_l,long,0.5333,0.5333,1.7777,1.1111,0.3823,0.3780,stop,-1.111,0.040,0.00017,0.13,1,1,-1.1512,-2.3025,55950.5667,1,
2026-09-02 12:12:21,CRVUSDC,mom15_l,long,0.5000,2.5000,2.0000,0.8000,0.0000,0.3635,expired,0.000,0.000,0.00000,2.01,0,0,0.0000,0.0000,0.0000,0,
2026-09-02 12:13:10,TIAUSDC,deep_s,short,0.2000,0.5000,0.6000,0.5000,0.3584,0.3562,tp,0.600,0.000,-0.00008,0.15,1,1,0.6001,1.2002,65785.0000,1,
2026-09-02 12:13:27,BOMEUSDC,fixed_l,long,0.2000,0.2000,0.5000,0.3000,0.0009,0.0009,stop,-0.300,0.040,0.00001,0.02,1,1,-0.3400,-0.6800,722725.0000,1,
2026-09-02 12:13:31,ETHFIUSDC,adapt_s,short,0.3110,0.3110,1.0366,0.6479,0.5693,0.5647,timeout,0.802,0.040,-0.00051,0.81,1,1,0.7624,1.5248,13161.6786,1,
2026-09-02 12:13:58,ETHUSDC,adapt_l,long,0.1315,0.1315,0.4384,0.2740,2411.3345,2404.7275,stop,-0.274,0.040,0.00034,0.27,1,1,-0.3143,-0.6287,72.3663,1,
2026-09-02 12:14:00,DOGEUSDC,fixed_s,short,0.2000,0.2000,0.5000,0.3000,0.0815,0.0811,tp,0.500,0.000,-0.00100,0.80,1,1,0.5010,1.0020,2252412.4667,1,
2026-09-02 12:14:04,XRPUSDC,adapt_l,long,0.1903,0.1903,0.6343,0.3964,1.3484,1.3431,stop,-0.396,0.040,0.00034,0.27,1,1,-0.4368,-0.8736,166928.0600,1,
2026-09-02 12:15:53,CRVUSDC,mom1h_l,long,1.0000,3.5000,4.0000,1.2000,0.3784,0.3738,stop,-1.200,0.040,0.00007,0.06,1,1,-1.2401,-2.4801,112028.8679,0,0.5939
2026-09-02 12:16:54,BIOUSDC,mom30_l,long,0.7000,3.0000,3.0000,1.0000,0.0000,0.0246,expired,0.000,0.000,0.00000,2.00,0,0,0.0000,0.0000,0.0000,0,
2026-09-02 12:16:58,ETHFIUSDC,fixed_l,long,0.2000,0.2000,0.5000,0.3000,0.5659,0.5642,stop,-0.300,0.040,0.00016,0.25,1,1,-0.3402,-0.6803,6071.9545,1,
2026-09-02 12:17:02,NEOUSDC,fixed_l,long,0.2000,0.2000,0.5000,0.3000,2.0339,2.0278,stop,-0.300,0.040,0.00084,0.67,1,1,-0.3408,-0.6817,168.5345,1,
2026-09-02 12:17:02,NEOUSDC,adapt_l,long,0.1833,0.1833,0.6111,0.3819,2.0353,2.0275,stop,-0.382,0.040,0.00089,0.71,1,1,-0.4228,-0.8457,75.6603,1,
2026-09-02 12:17:26,BTCUSDC,adapt_l,long,0.1091,0.1091,0.3636,0.2273,77418.4537,77242.5077,stop,-0.227,0.040,0.00024,0.19,1,1,-0.2675,-0.5350,5.1341,1,
2026-09-02 12:17:36,LTCUSDC,adapt_l,long,0.2005,0.2005,0.6684,0.4178,49.1612,48.9558,stop,-0.418,0.040,0.00055,0.44,1,1,-0.4583,-0.9166,1221.4183,1,
2026-09-02 12:17:38,UNIUSDC,deep_s,short,0.2000,0.5000,0.6000,0.5000,6.1596,6.1227,tp,0.600,0.000,-0.00019,0.15,1,1,0.6002,1.2004,6409.0000,1,
2026-09-02 12:17:39,NEARUSDC,fixed_l,long,0.2000,0.2000,0.5000,0.3000,1.8633,1.8577,stop,-0.300,0.040,0.00014,0.11,1,0,-0.3401,-0.6803,9350.0000,1,
2026-09-02 12:17:45,FILUSDC,adapt_s,short,0.6005,0.6005,2.0018,1.2511,0.8042,0.7881,tp,2.002,0.000,-0.00046,0.37,1,1,2.0022,4.0044,166296.4667,1,
2026-09-02 12:17:54,WLDUSDC,adapt_l,long,0.3004,0.3004,1.0014,0.6259,0.3652,0.3629,stop,-0.626,0.040,0.00055,0.44,1,1,-0.6664,-1.3328,63861.4235,1,
2026-09-02 12:17:56,TRUMPUSDC,adapt_l,long,0.3865,0.3865,1.2882,0.8051,2.2831,2.2648,stop,-0.805,0.040,0.00012,0.19,1,1,-0.8452,-1.6905,7516.7288,1,
2026-09-02 12:20:14,BOMEUSDC,adapt_l,long,0.2846,0.2846,0.9486,0.5929,0.0009,0.0009,stop,-0.593,0.040,0.00008,0.13,1,1,-0.6329,-1.2659,23974118.9474,1,
2026-09-02 12:20:14,BOMEUSDC,deep_l,long,0.2000,0.5000,0.6000,0.5000,0.0009,0.0009,stop,-0.500,0.040,0.00008,0.13,1,1,-0.5401,-1.0802,24060092.9794,1,
2026-09-02 12:20:17,CRVUSDC,adapt_l,long,0.5676,0.5676,1.8919,1.1824,0.3759,0.3714,stop,-1.182,0.040,0.00012,0.09,1,1,-1.2225,-2.4451,50383.9500,1,
2026-09-02 12:22:03,ADAUSDC,fixed_l,long,0.2000,0.2000,0.5000,0.3000,0.1959,0.1969,tp,0.500,0.000,0.00008,0.13,1,1,0.4999,0.9998,2515964.3612,1,
2026-09-02 12:22:11,SUIUSDC,fixed_l,long,0.2000,0.2000,0.5000,0.3000,0.7180,0.7216,tp,0.500,0.000,0.00018,0.15,1,1,0.4998,0.9996,323106.8969,1,
2026-09-02 12:22:21,WIFUSDC,mom15_l,long,0.5000,2.5000,2.0000,0.8000,0.0000,0.1877,expired,0.000,0.000,0.00000,2.01,0,0,0.0000,0.0000,0.0000,0,
2026-09-02 12:22:24,ORDIUSDC,mom15_l,long,0.5000,2.5000,2.0000,0.8000,0.0000,3.7908,expired,0.000,0.000,0.00000,2.01,0,0,0.0000,0.0000,0.0000,0,
2026-09-02 12:22:26,WLDUSDC,mom15_l,long,0.5000,2.5000,2.0000,0.8000,0.0000,0.3521,expired,0.000,0.000,0.00000,2.01,0,0,0.0000,0.0000,0.0000,0,
2026-09-02 12:22:33,BOMEUSDC,mom30_l,long,0.7000,3.0000,3.0000,1.0000,0.0000,0.0008,expired,0.000,0.000,0.00000,2.01,0,0,0.0000,0.0000,0.0000,0,
2026-09-02 12:22:38,ETHFIUSDC,mom15_l,long,0.5000,2.5000,2.0000,0.8000,0.0000,0.5428,expired,0.000,0.000,0.00000,2.01,0,0,0.0000,0.0000,0.0000,0,
2026-09-02 12:23:12,ADAUSDC,mom15_l,long,0.5000,2.5000,2.0000,0.8000,0.0000,0.1915,expired,0.000,0.000,0.00000,2.01,0,0,0.0000,0.0000,0.0000,0,
2026-09-02 12:23:35,ARBUSDC,deep_s,short,0.2000,0.5000,0.6000,0.5000,0.1145,0.1139,tp,0.600,0.000,-0.00002,0.02,1,1,0.6000,1.2000,133358.5176,1,
2026-09-02 12:24:21,UNIUSDC,fixed_s,short,0.2000,0.2000,0.5000,0.3000,6.1603,6.1788,stop,-0.300,0.040,-0.00005,0.04,1,1,-0.3400,-0.6799,5946.0000,1,
